scenario_id,risk_level,infection_source,candidate_name,expected_utility,survival_mean,time_to_stability_mean,organ_preservation_mean,adverse_event_rate,chosen_by_rl,chosen_by_baseline
scn_000325,LOW,pulmonary,Aggressive Fluid-First,0.878033980630746,0.9899999999999999,3.5,81.02265375383082,0.0,1,1
scn_000325,LOW,pulmonary,Staged Reassessment,0.8765979717204112,0.9899999999999999,3.5,80.06531448027427,0.0,0,0
scn_000325,LOW,pulmonary,Conservative Fluid + Early Antibiotics,0.8755675023914509,0.9899999999999999,3.5,79.37833492763406,0.0,0,0
scn_000268,CRITICAL,urinary_tract,Dual Vasopressor Strategy,0.46149264182740857,0.28137848748914596,3.0,78.44369955594738,0.0,0,1
scn_000268,CRITICAL,urinary_tract,Early Vasopressor + Fluids,0.45897164399803003,0.28137848748914596,3.0,76.76303433636166,0.0,0,0
scn_000268,CRITICAL,urinary_tract,Colloid-Based Resuscitation,0.45517922381697773,0.27818431676574745,3.0,75.51242250501952,0.0,0,0
scn_000268,CRITICAL,urinary_tract,Conservative Fluid + Early Antibiotics,0.4449996299874289,0.28457265821254457,3.5,74.5040233732681,0.0,0,0
scn_000268,CRITICAL,urinary_tract,Aggressive Fluid-First,0.4430751660729266,0.27818431676574745,3.5,75.77638400898539,0.0,1,0
scn_000025,LOW,skin_soft_tissue,Aggressive Fluid-First,0.887840582895196,0.9899999999999999,3.5,87.56038859679742,0.0,1,1
scn_000025,LOW,skin_soft_tissue,Staged Reassessment,0.8865977263475171,0.9899999999999999,3.5,86.73181756501155,0.0,0,0
scn_000025,LOW,skin_soft_tissue,Conservative Fluid + Early Antibiotics,0.8856615271380157,0.9899999999999999,3.5,86.10768475867724,0.0,0,0
scn_000257,CRITICAL,skin_soft_tissue,Dual Vasopressor Strategy,0.42255473401023375,0.2676343296345449,3.82,71.64942415300453,0.0,0,1
scn_000257,CRITICAL,skin_soft_tissue,Early Vasopressor + Fluids,0.3641134413684052,0.1823187694171838,4.0,69.81478647872991,0.0,0,0
scn_000257,CRITICAL,skin_soft_tissue,Colloid-Based Resuscitation,0.3157031292538952,0.10690562457738606,4.0,67.70650300497572,0.0,0,0
scn_000257,CRITICAL,skin_soft_tissue,Aggressive Fluid-First,0.3110648651014446,0.11858248995175044,4.5,68.27691408692955,0.0,1,0
scn_000257,CRITICAL,skin_soft_tissue,Conservative Fluid + Early Antibiotics,0.2961992452406634,0.09999999999999998,4.5,65.79949682710891,0.0,0,0
scn_000227,CRITICAL,bloodstream,Dual Vasopressor Strategy,0.4625875911550771,0.28878452481579825,3.0,76.21125084373212,0.0,0,1
scn_000227,CRITICAL,bloodstream,Early Vasopressor + Fluids,0.46021563384984987,0.28878452481579825,3.0,74.62994597358063,0.0,0,0
scn_000227,CRITICAL,bloodstream,Colloid-Based Resuscitation,0.454990971015783,0.2856586162680142,3.06,73.39720083664972,0.0,0,0
scn_000227,CRITICAL,bloodstream,Aggressive Fluid-First,0.4437985331559189,0.2856586162680142,3.53,73.76890893007355,0.0,1,0
scn_000227,CRITICAL,bloodstream,Conservative Fluid + Early Antibiotics,0.4340688868899877,0.2919104333635824,3.99,72.44841791455882,0.0,0,0
scn_000063,MODERATE,pulmonary,Aggressive Fluid-First,0.8565291772081478,0.9677336190495219,3.5,75.59267051895645,0.0,1,1
scn_000063,MODERATE,pulmonary,Staged Reassessment,0.8234762779347102,0.9147891193945522,3.5,74.73520419865264,0.0,0,0
scn_000063,MODERATE,pulmonary,Conservative Fluid + Early Antibiotics,0.820600788662964,0.9114553967127564,3.5,74.15170042354015,0.0,0,0
scn_000175,HIGH,pulmonary,Dual Vasopressor Strategy,0.623297828936309,0.5610220976357888,3.01,74.62304690322375,0.0,0,1
scn_000175,HIGH,pulmonary,Early Vasopressor + Fluids,0.6155976941438298,0.5610220976357888,3.22,72.98962370823767,0.0,0,0
scn_000175,HIGH,pulmonary,Colloid-Based Resuscitation,0.5953453763418772,0.5578373055927418,3.88,71.76199532415474,0.0,0,0
scn_000175,HIGH,pulmonary,Aggressive Fluid-First,0.5865203505164818,0.5578373055927418,4.25,72.04531144055778,0.0,1,0
scn_000175,HIGH,pulmonary,Conservative Fluid + Early Antibiotics,0.5785926344774075,0.5582068896788358,4.5,70.77900044673731,0.0,0,0
scn_000053,LOW,pulmonary,Aggressive Fluid-First,0.8900029035770604,0.9899999999999999,3.5,89.00193571804034,0.0,1,1
scn_000053,LOW,pulmonary,Staged Reassessment,0.8887694305048546,0.9899999999999999,3.5,88.17962033656978,0.0,0,0
scn_000053,LOW,pulmonary,Conservative Fluid + Early Antibiotics,0.8878495366114727,0.9899999999999999,3.5,87.56635774098193,0.0,0,0
scn_000474,CRITICAL,pulmonary,Dual Vasopressor Strategy,0.506060356203871,0.3595675385957594,3.0,76.87988869761026,0.0,0,1
scn_000474,CRITICAL,pulmonary,Early Vasopressor + Fluids,0.5035807564552641,0.3595675385957594,3.0,75.22682219853901,0.0,0,0
scn_000474,CRITICAL,pulmonary,Colloid-Based Resuscitation,0.499823996784813,0.35642102442218687,3.0,73.98092142100057,0.0,0,0
scn_000474,CRITICAL,pulmonary,Aggressive Fluid-First,0.4877656617227517,0.35642102442218687,3.5,74.27536471295973,0.0,1,0
scn_000474,CRITICAL,pulmonary,Conservative Fluid + Early Antibiotics,0.4856120539439359,0.362714052769332,3.66,72.98908152155782,0.0,0,0
scn_000092,MODERATE,pulmonary,Colloid-Based Resuscitation,0.890537975094242,0.9899999999999999,3.0,81.02531672949479,0.0,0,1
scn_000092,MODERATE,pulmonary,Aggressive Fluid-First,0.8787415121473423,0.9899999999999999,3.5,81.49434143156168,0.0,1,0
scn_000092,MODERATE,pulmonary,Staged Reassessment,0.8771335441442815,0.9899999999999999,3.5,80.4223627628544,0.0,0,0
scn_000092,MODERATE,pulmonary,Conservative Fluid + Early Antibiotics,0.8760397260971153,0.9899999999999999,3.5,79.69315073141033,0.0,0,0
scn_000004,LOW,bloodstream,Aggressive Fluid-First,0.8794603441490613,0.9899999999999999,3.5,81.97356276604093,0.0,1,1
scn_000004,LOW,bloodstream,Staged Reassessment,0.8782485995766673,0.9899999999999999,3.5,81.16573305111172,0.0,0,0
scn_000004,LOW,bloodstream,Conservative Fluid + Early Antibiotics,0.877333847427372,0.9899999999999999,3.5,80.55589828491476,0.0,0,0
scn_000014,LOW,skin_soft_tissue,Colloid-Based Resuscitation,0.8976343975779542,0.9899999999999999,3.0,85.75626505196954,0.0,0,1
scn_000014,LOW,skin_soft_tissue,Aggressive Fluid-First,0.8857887234083731,0.9899999999999999,3.5,86.19248227224884,0.0,1,0
scn_000014,LOW,skin_soft_tissue,Staged Reassessment,0.8844490529168498,0.9899999999999999,3.5,85.29936861123333,0.0,0,0
scn_000014,LOW,skin_soft_tissue,Conservative Fluid + Early Antibiotics,0.8834582370060629,0.9899999999999999,3.5,84.63882467070866,0.0,0,0
scn_000442,HIGH,intra_abdominal,Dual Vasopressor Strategy,0.5717533728004777,0.47244380998494917,3.0,75.52472453967209,0.0,0,1
scn_000442,HIGH,intra_abdominal,Aggressive Fluid-First,0.5491162151511106,0.46922160445902966,3.68,73.05550165046193,0.0,1,0
scn_000442,HIGH,intra_abdominal,Conservative Fluid + Early Antibiotics,0.5317934997656877,0.47566601551086907,4.45,71.7625936394442,0.0,0,0
scn_000210,HIGH,intra_abdominal,Dual Vasopressor Strategy,0.6156423399601545,0.5412302300253908,3.0,77.26946796328005,0.0,0,1
scn_000210,HIGH,intra_abdominal,Conservative Fluid + Early Antibiotics,0.5988202323655188,0.5444204992365854,3.52,73.44528854904509,0.0,0,0
scn_000210,HIGH,intra_abdominal,Aggressive Fluid-First,0.5971482800976594,0.5380399608141964,3.51,74.71620240609441,0.0,1,0
scn_000120,MODERATE,skin_soft_tissue,Conservative Fluid + Early Antibiotics,0.6461233840655847,0.6255179958253404,3.56,73.2083910469203,0.0,0,1
scn_000120,MODERATE,skin_soft_tissue,Aggressive Fluid-First,0.6456384618672757,0.6190811755266048,3.5,74.45983770087524,0.0,1,0
scn_000120,MODERATE,skin_soft_tissue,Staged Reassessment,0.6385714126997235,0.6094259450785018,3.51,73.77723043508163,0.0,0,0
scn_000104,MODERATE,urinary_tract,Conservative Fluid + Early Antibiotics,0.8221294720549724,0.903536008480512,3.5,78.33857797777682,0.0,0,1
scn_000104,MODERATE,urinary_tract,Aggressive Fluid-First,0.8210115440957936,0.8972008285584344,3.5,80.12736464048865,0.0,1,0
scn_000104,MODERATE,urinary_tract,Staged Reassessment,0.8137192060108865,0.8876980586753183,3.5,79.06691387046378,0.0,0,0
scn_000046,LOW,urinary_tract,Aggressive Fluid-First,0.8889482747604329,0.9899999999999999,3.5,88.29884984028877,0.0,1,1
scn_000046,LOW,urinary_tract,Staged Reassessment,0.8877076052104678,0.9899999999999999,3.5,87.47173680697864,0.0,0,0
scn_000046,LOW,urinary_tract,Conservative Fluid + Early Antibiotics,0.8867718312274535,0.9899999999999999,3.5,86.8478874849691,0.0,0,0
scn_000095,MODERATE,intra_abdominal,Aggressive Fluid-First,0.8774196408818394,0.989738533094295,3.5,80.71768068350828,0.0,1,1
scn_000095,MODERATE,intra_abdominal,Staged Reassessment,0.8755241968773247,0.9892928930034145,3.5,79.63230738351741,0.0,0,0
scn_000095,MODERATE,intra_abdominal,Conservative Fluid + Early Antibiotics,0.8747099018808215,0.9898216970453381,3.5,78.87792243574584,0.0,0,0
scn_000163,HIGH,pulmonary,Dual Vasopressor Strategy,0.5628697947636739,0.44206286946331913,3.0,81.754715390455,0.0,0,1
scn_000163,HIGH,pulmonary,Early Vasopressor + Fluids,0.5603878459470661,0.44206286946331913,3.0,80.10008284604976,0.0,0,0
scn_000163,HIGH,pulmonary,Colloid-Based Resuscitation,0.556572349076593,0.4388506886879687,3.0,78.84129057587458,0.0,0,0
scn_000163,HIGH,pulmonary,Conservative Fluid + Early Antibiotics,0.546437796717049,0.4452750502386697,3.5,77.84851104923143,0.0,0,0
scn_000163,HIGH,pulmonary,Aggressive Fluid-First,0.5445530793195916,0.4388506886879687,3.5,79.16177740454023,0.0,1,0
scn_000378,MODERATE,skin_soft_tissue,Aggressive Fluid-First,0.8770963676647833,0.9899999999999999,3.5,80.39757844318896,0.0,1,1
scn_000378,MODERATE,skin_soft_tissue,Staged Reassessment,0.8756157697720635,0.9899999999999999,3.5,79.41051318137576,0.0,0,0
scn_000378,MODERATE,skin_soft_tissue,Conservative Fluid + Early Antibiotics,0.8745663571236398,0.9899999999999999,3.5,78.71090474909334,0.0,0,0
scn_000057,LOW,pulmonary,Aggressive Fluid-First,0.8919820944387473,0.9899999999999999,3.5,90.32139629249833,0.0,1,1
scn_000057,LOW,pulmonary,Staged Reassessment,0.8906835422818651,0.9899999999999999,3.5,89.45569485457682,0.0,0,0
scn_000057,LOW,pulmonary,Conservative Fluid + Early Antibiotics,0.889715433202728,0.9899999999999999,3.5,88.81028880181873,0.0,0,0
scn_000198,HIGH,intra_abdominal,Dual Vasopressor Strategy,0.5580233384260609,0.4504786680816726,3.01,75.32409171803823,0.0,0,1
scn_000198,HIGH,intra_abdominal,Aggressive Fluid-First,0.5313480662602449,0.4473081768163656,3.85,72.80877344695037,0.0,1,0
scn_000198,HIGH,intra_abdominal,Conservative Fluid + Early Antibiotics,0.5175341813561882,0.4536491593469799,4.48,71.56312383200019,0.0,0,0
scn_000369,MODERATE,bloodstream,Colloid-Based Resuscitation,0.7930937831236966,0.8302971169469286,3.0,79.94367530369288,0.0,0,1
scn_000369,MODERATE,bloodstream,Conservative Fluid + Early Antibiotics,0.7815820680668439,0.8352996638089247,3.5,78.6015131876594,0.0,0,0
scn_000369,MODERATE,bloodstream,Aggressive Fluid-First,0.7810942037038181,0.8302971169469286,3.5,80.27728902377396,0.0,1,0
scn_000369,MODERATE,bloodstream,Staged Reassessment,0.7728341123228386,0.8190432966539345,3.5,79.27208955365198,0.0,0,0
scn_000067,MODERATE,intra_abdominal,Aggressive Fluid-First,0.8148117469468723,0.8858456431603519,3.5,80.5362407004409,0.0,1,1
scn_000067,MODERATE,intra_abdominal,Conservative Fluid + Early Antibiotics,0.7998188683546288,0.8651886508987491,3.5,78.80378521025297,0.0,0,0
scn_000067,MODERATE,intra_abdominal,Staged Reassessment,0.7985409819187119,0.8613311315527555,3.5,79.49486865803911,0.0,0,0
scn_000331,LOW,urinary_tract,Aggressive Fluid-First,0.8857103707360374,0.9899999999999999,3.5,86.1402471573584,0.0,1,1
scn_000331,LOW,urinary_tract,Staged Reassessment,0.8843960369822532,0.9899999999999999,3.5,85.2640246548356,0.0,0,0
scn_000331,LOW,urinary_tract,Conservative Fluid + Early Antibiotics,0.8834219483248109,0.9899999999999999,3.5,84.6146322165407,0.0,0,0
scn_000200,HIGH,urinary_tract,Dual Vasopressor Strategy,0.5559602836221953,0.44083252185095534,3.0,77.64051367441479,0.0,0,1
scn_000200,HIGH,urinary_tract,Early Vasopressor + Fluids,0.5535020056773551,0.44083252185095534,3.0,76.00166171118798,0.0,0,0
scn_000200,HIGH,urinary_tract,Conservative Fluid + Early Antibiotics,0.5395896307641103,0.4440123250575595,3.5,73.78815715304971,0.0,0,0
scn_000200,HIGH,urinary_tract,Aggressive Fluid-First,0.5376702204793932,0.4376527186443514,3.5,75.05239286185488,0.0,1,0
scn_000263,CRITICAL,bloodstream,Dual Vasopressor Strategy,0.4892882487374709,0.3298952081841413,3.0,77.56741588465738,0.0,0,1
scn_000263,CRITICAL,bloodstream,Early Vasopressor + Fluids,0.486867212278315,0.3298952081841413,3.0,75.95339157855345,0.0,0,0
scn_000263,CRITICAL,bloodstream,Colloid-Based Resuscitation,0.48314304397699337,0.32674007112666387,3.0,74.73266753399668,0.0,0,0
scn_000263,CRITICAL,bloodstream,Conservative Fluid + Early Antibiotics,0.4729765865704727,0.3330503452416187,3.5,73.76425295033432,0.0,0,0
scn_000263,CRITICAL,bloodstream,Aggressive Fluid-First,0.47108829936447993,0.32674007112666387,3.5,75.02950445898774,0.0,1,0
scn_000090,MODERATE,bloodstream,Conservative Fluid + Early Antibiotics,0.7842431442779526,0.8330212050478696,3.5,81.28694749948727,0.0,0,1
scn_000090,MODERATE,bloodstream,Aggressive Fluid-First,0.7830845091981626,0.826712425301825,3.5,83.03803601137844,0.0,1,0
scn_000090,MODERATE,bloodstream,Staged Reassessment,0.775859452684812,0.8172492556827581,3.5,82.00659951677154,0.0,0,0
scn_000492,CRITICAL,pulmonary,Dual Vasopressor Strategy,0.4914170387486628,0.33993248064522424,3.0,74.97170024101884,0.0,0,1
scn_000492,CRITICAL,pulmonary,Early Vasopressor + Fluids,0.4862237456293828,0.33993248064522424,3.11,73.34283816149886,0.0,0,0
scn_000492,CRITICAL,pulmonary,Colloid-Based Resuscitation,0.46572686730007823,0.33677636273350786,3.78,72.10736643998236,0.0,0,0
scn_000492,CRITICAL,pulmonary,Aggressive Fluid-First,0.45943785016454836,0.33677636273350786,4.05,72.4146883496291,0.0,1,0
scn_000492,CRITICAL,pulmonary,Conservative Fluid + Early Antibiotics,0.45004823292256996,0.3430885985569407,4.5,71.13004919227035,0.0,0,0
scn_000354,MODERATE,intra_abdominal,Colloid-Based Resuscitation,0.8942783877837464,0.9875228310425156,3.0,84.509792772158,0.0,0,1
scn_000354,MODERATE,intra_abdominal,Aggressive Fluid-First,0.8822059223454015,0.9875228310425156,3.5,84.79481581326155,0.0,1,0
scn_000354,MODERATE,intra_abdominal,Conservative Fluid + Early Antibiotics,0.8805712192678736,0.9886528881183851,3.5,83.25299093122834,0.0,0,0
scn_000354,MODERATE,intra_abdominal,Staged Reassessment,0.8785502610918725,0.9836941723821873,3.5,83.88917177504015,0.0,0,0
scn_000044,LOW,bloodstream,Aggressive Fluid-First,0.8795209990344729,0.9899999999999999,3.5,82.01399935631538,0.0,1,1
scn_000044,LOW,bloodstream,Staged Reassessment,0.8781948438963129,0.9899999999999999,3.5,81.12989593087536,0.0,0,0
scn_000044,LOW,bloodstream,Conservative Fluid + Early Antibiotics,0.877263448170714,0.9899999999999999,3.5,80.50896544714281,0.0,0,0
scn_000355,MODERATE,urinary_tract,Conservative Fluid + Early Antibiotics,0.8296587682672263,0.9247107289783577,3.5,74.88822058680776,0.0,0,1
scn_000355,MODERATE,urinary_tract,Aggressive Fluid-First,0.8282737599699188,0.9183153069794676,3.5,76.52305052149227,0.0,1,0
scn_000355,MODERATE,urinary_tract,Staged Reassessment,0.8210703813864538,0.9087221739811322,3.5,75.55805133184967,0.0,0,0
scn_000204,HIGH,urinary_tract,Dual Vasopressor Strategy,0.5806630653023158,0.47446217752472286,3.0,80.6571725249881,0.0,0,1
scn_000204,HIGH,urinary_tract,Early Vasopressor + Fluids,0.5782150420325413,0.47446217752472286,3.0,79.02515701180504,0.0,0,0
scn_000204,HIGH,urinary_tract,Conservative Fluid + Early Antibiotics,0.5643516480467533,0.4777374979858997,3.5,76.80609950347569,0.0,0,0
scn_000204,HIGH,urinary_tract,Aggressive Fluid-First,0.5623585020773239,0.47118685706354596,3.5,78.09759189279752,0.0,1,0
scn_000283,CRITICAL,bloodstream,Dual Vasopressor Strategy,0.4306858582992842,0.27218976306158427,3.64,72.24800030822243,0.0,0,1
scn_000283,CRITICAL,bloodstream,Early Vasopressor + Fluids,0.4011522879118189,0.24129790258206193,3.98,70.58236424172114,0.0,0,0
scn_000283,CRITICAL,bloodstream,Aggressive Fluid-First,0.33597319826592664,0.15762679190671286,4.5,69.26474874793261,0.0,1,0
scn_000283,CRITICAL,bloodstream,Colloid-Based Resuscitation,0.32741712566944847,0.12377214921917896,4.0,68.76922409196075,0.0,0,0
scn_000283,CRITICAL,bloodstream,Conservative Fluid + Early Antibiotics,0.29782308904333366,0.09999999999999998,4.5,66.88205936222242,0.0,0,0
scn_000422,HIGH,skin_soft_tissue,Dual Vasopressor Strategy,0.5448988237096458,0.42222510399140306,3.0,77.70917420986935,0.0,0,1
scn_000422,HIGH,skin_soft_tissue,Early Vasopressor + Fluids,0.5424089981743788,0.42222510399140306,3.0,76.04929051969135,0.0,0,0
scn_000422,HIGH,skin_soft_tissue,Colloid-Based Resuscitation,0.5386184363275821,0.4190086538863661,3.0,74.80882933050836,0.0,0,0
scn_000422,HIGH,skin_soft_tissue,Conservative Fluid + Early Antibiotics,0.5284842811324663,0.4254415540964399,3.5,73.81289911640157,0.0,0,0
scn_000422,HIGH,skin_soft_tissue,Aggressive Fluid-First,0.5265270164596909,0.4190086538863661,3.5,75.08121608524752,0.0,1,0
scn_000039,LOW,skin_soft_tissue,Aggressive Fluid-First,0.8887767780754714,0.9899999999999999,3.5,88.18451871698102,0.0,1,1
scn_000039,LOW,skin_soft_tissue,Staged Reassessment,0.8873976390429553,0.9899999999999999,3.5,87.26509269530366,0.0,0,0
scn_000039,LOW,skin_soft_tissue,Conservative Fluid + Early Antibiotics,0.886422342973654,0.9899999999999999,3.5,86.61489531576945,0.0,0,0
scn_000192,HIGH,intra_abdominal,Dual Vasopressor Strategy,0.5536017787201688,0.42968500057449144,3.0,80.52718558364928,0.0,0,1
scn_000192,HIGH,intra_abdominal,Early Vasopressor + Fluids,0.5511679790596653,0.42968500057449144,3.0,78.904652476647,0.0,0,0
scn_000192,HIGH,intra_abdominal,Conservative Fluid + Early Antibiotics,0.5372108161014731,0.4328346058527676,3.5,76.67336839320836,0.0,0,0
scn_000192,HIGH,intra_abdominal,Aggressive Fluid-First,0.5354401679897819,0.4265353952962155,3.5,78.0126205413684,0.0,1,0
scn_000135,MODERATE,skin_soft_tissue,Conservative Fluid + Early Antibiotics,0.8369739901842479,0.9232288804860208,3.5,80.35777459509032,0.0,0,1
scn_000135,MODERATE,skin_soft_tissue,Aggressive Fluid-First,0.8356523816893731,0.9169094507175068,3.5,82.00447417257928,0.0,1,0
scn_000135,MODERATE,skin_soft_tissue,Staged Reassessment,0.8285032671169108,0.9074303060647363,3.5,81.03005565204604,0.0,0,0
scn_000414,HIGH,urinary_tract,Dual Vasopressor Strategy,0.5842733502204442,0.4901753018154769,3.0,76.77877942077208,0.0,0,1
scn_000414,HIGH,urinary_tract,Early Vasopressor + Fluids,0.5818425779715877,0.4901753018154769,3.0,75.15826458820102,0.0,0,0
scn_000414,HIGH,urinary_tract,Aggressive Fluid-First,0.5660646419110589,0.48701279387296437,3.5,74.23797705818683,0.0,1,0
scn_000414,HIGH,urinary_tract,Conservative Fluid + Early Antibiotics,0.5649340263600424,0.49333780975798935,3.62,72.95422700349921,0.0,0,0
scn_000098,MODERATE,pulmonary,Colloid-Based Resuscitation,0.8016883740949396,0.8474971265809601,3.0,78.79339876424245,0.0,0,1
scn_000098,MODERATE,pulmonary,Conservative Fluid + Early Antibiotics,0.7911213407642071,0.8538483226123634,3.5,77.54156479785948,0.0,0,0
scn_000098,MODERATE,pulmonary,Aggressive Fluid-First,0.789741207007691,0.8474971265809601,3.5,79.16195403941003,0.0,1,0
scn_000098,MODERATE,pulmonary,Staged Reassessment,0.7825972854002267,0.8379703325338552,3.5,78.21005725327574,0.0,0,0
scn_000160,HIGH,bloodstream,Dual Vasopressor Strategy,0.6219970317033514,0.5424083317992722,3.0,81.03468841585877,0.0,0,1
scn_000160,HIGH,bloodstream,Colloid-Based Resuscitation,0.6149432480315136,0.5377265335940281,3.0,78.20488525006452,0.0,0,0
scn_000160,HIGH,bloodstream,Conservative Fluid + Early Antibiotics,0.6047963713830382,0.5440901300045161,3.5,77.22819558688573,0.0,0,0
scn_000160,HIGH,bloodstream,Aggressive Fluid-First,0.6027938396813652,0.5377265335940281,3.5,78.43861301663227,0.0,1,0
scn_000123,MODERATE,skin_soft_tissue,Conservative Fluid + Early Antibiotics,0.7437610380289312,0.7823394825293937,3.5,74.57156567419666,0.0,0,1
scn_000123,MODERATE,skin_soft_tissue,Aggressive Fluid-First,0.7419157079042913,0.776065662912502,3.5,75.85087343786012,0.0,1,0
scn_000123,MODERATE,skin_soft_tissue,Staged Reassessment,0.7352225638970001,0.7666549334871638,3.5,75.1530692031346,0.0,0,0
scn_000464,CRITICAL,intra_abdominal,Dual Vasopressor Strategy,0.5080671578114294,0.41509983291565633,3.92,71.33817204135708,0.0,0,1
scn_000464,CRITICAL,intra_abdominal,Early Vasopressor + Fluids,0.4225702599313593,0.2810998329156564,4.0,69.27357345464371,0.0,0,0
scn_000464,CRITICAL,intra_abdominal,Colloid-Based Resuscitation,0.3822901219754334,0.2198603636284022,4.0,66.91593586559473,0.0,0,0
scn_000464,CRITICAL,intra_abdominal,Aggressive Fluid-First,0.37180121884757084,0.2218603636284022,4.5,67.45666711368636,0.0,1,0
scn_000464,CRITICAL,intra_abdominal,Conservative Fluid + Early Antibiotics,0.37070307004291725,0.22633930220291038,4.5,64.93299248078065,0.0,0,0
scn_000349,MODERATE,skin_soft_tissue,Aggressive Fluid-First,0.8699989860103143,0.9847018278441635,3.5,77.78525953587751,0.0,1,1
scn_000349,MODERATE,skin_soft_tissue,Conservative Fluid + Early Antibiotics,0.8690312481238375,0.9871457791476844,3.5,76.16252042348458,0.0,0,0
scn_000349,MODERATE,skin_soft_tissue,Staged Reassessment,0.8648625355551035,0.9785470918672098,3.5,76.8228536231851,0.0,0,0
scn_000018,LOW,urinary_tract,Colloid-Based Resuscitation,0.8959455054913468,0.9899999999999999,3.0,84.63033699423126,0.0,0,1
scn_000018,LOW,urinary_tract,Aggressive Fluid-First,0.8840629358880328,0.9899999999999999,3.5,85.0419572586886,0.0,1,0
scn_000018,LOW,urinary_tract,Staged Reassessment,0.8826789078855957,0.9899999999999999,3.5,84.11927192373054,0.0,0,0
scn_000018,LOW,urinary_tract,Conservative Fluid + Early Antibiotics,0.881668748939306,0.9899999999999999,3.5,83.44583262620412,0.0,0,0
scn_000118,MODERATE,urinary_tract,Colloid-Based Resuscitation,0.8014039973896745,0.8373208939683388,3.0,82.67430733911418,0.0,0,1
scn_000118,MODERATE,urinary_tract,Conservative Fluid + Early Antibiotics,0.7908471383805741,0.8436625639125733,3.5,81.43306668868672,0.0,0,0
scn_000118,MODERATE,urinary_tract,Aggressive Fluid-First,0.7895191031551477,0.8373208939683388,3.5,83.08437784942971,0.0,1,0
scn_000118,MODERATE,urinary_tract,Staged Reassessment,0.7823606353170682,0.8278083890519871,3.5,82.11706792391742,0.0,0,0
scn_000363,MODERATE,intra_abdominal,Conservative Fluid + Early Antibiotics,0.6611206257012594,0.6431879651096283,3.5,75.13856442365496,0.0,0,1
scn_000363,MODERATE,intra_abdominal,Aggressive Fluid-First,0.6593259794752587,0.6368706335655447,3.5,76.46906622395461,0.0,1,0
scn_000363,MODERATE,intra_abdominal,Staged Reassessment,0.6525517887035202,0.6273946362494195,3.5,75.7433379692457,0.0,0,0
scn_000148,HIGH,intra_abdominal,Dual Vasopressor Strategy,0.6372814615547027,0.580772086722173,3.0,75.87880634759928,0.0,0,1
scn_000148,HIGH,intra_abdominal,Aggressive Fluid-First,0.617909917804768,0.5775938739136947,3.55,73.4023956377009,0.0,1,0
scn_000148,HIGH,intra_abdominal,Conservative Fluid + Early Antibiotics,0.6000275590222168,0.583950299530651,4.34,72.10491953588414,0.0,0,0
scn_000008,LOW,skin_soft_tissue,Aggressive Fluid-First,0.8848806623256135,0.9899999999999999,3.5,85.58710821707578,0.0,1,1
scn_000008,LOW,skin_soft_tissue,Staged Reassessment,0.8836167078131631,0.9899999999999999,3.5,84.74447187544224,0.0,0,0
scn_000008,LOW,skin_soft_tissue,Conservative Fluid + Early Antibiotics,0.882689264547696,0.9899999999999999,3.5,84.12617636513082,0.0,0,0
scn_000114,MODERATE,urinary_tract,Aggressive Fluid-First,0.8698269881155822,0.9775701972846045,3.5,80.52324649654645,0.0,1,1
scn_000114,MODERATE,urinary_tract,Staged Reassessment,0.8431155464567684,0.9355831266882685,3.5,79.51044696253827,0.0,0,0
scn_000114,MODERATE,urinary_tract,Conservative Fluid + Early Antibiotics,0.8299933725439392,0.9153756623058235,3.5,78.84531677363012,0.0,0,0
scn_000167,HIGH,urinary_tract,Dual Vasopressor Strategy,0.6019416208440104,0.5091612403721075,3.0,80.96325108049724,0.0,0,1
scn_000167,HIGH,urinary_tract,Colloid-Based Resuscitation,0.5957695166114091,0.5060254182570522,3.0,78.10284377145183,0.0,0,0
scn_000167,HIGH,urinary_tract,Conservative Fluid + Early Antibiotics,0.5855690250144963,0.5122970624871631,3.5,77.12719168146565,0.0,0,0
scn_000167,HIGH,urinary_tract,Aggressive Fluid-First,0.5837328615033861,0.5060254182570522,3.5,78.41174036610319,0.0,1,0
scn_000144,HIGH,urinary_tract,Dual Vasopressor Strategy,0.6432652057842266,0.5909018778263746,3.0,75.81605272560125,0.0,0,1
scn_000144,HIGH,urinary_tract,Aggressive Fluid-First,0.6222745982628091,0.5877202494625228,3.61,73.26163239019694,0.0,1,0
scn_000144,HIGH,urinary_tract,Conservative Fluid + Early Antibiotics,0.6039053453547996,0.5940835061902267,4.42,71.97016109377572,0.0,0,0
scn_000235,CRITICAL,bloodstream,Dual Vasopressor Strategy,0.4458620651918708,0.2946085472396026,3.57,72.23129123207285,0.0,0,1
scn_000235,CRITICAL,bloodstream,Early Vasopressor + Fluids,0.40560651587340635,0.24988064805613192,4.0,70.4520846931515,0.0,0,0
scn_000235,CRITICAL,bloodstream,Aggressive Fluid-First,0.33576335143963854,0.15775990878574847,4.5,69.07160411212631,0.0,1,0
scn_000235,CRITICAL,bloodstream,Colloid-Based Resuscitation,0.33382203435066093,0.1348345530335761,4.0,68.6142016870102,0.0,0,0
scn_000235,CRITICAL,bloodstream,Conservative Fluid + Early Antibiotics,0.30176744675640466,0.10716540397652236,4.5,66.64546958032749,0.0,0,0
scn_000111,MODERATE,skin_soft_tissue,Aggressive Fluid-First,0.7299750491693675,0.7509837235282457,3.5,77.92321003494673,0.0,1,1
scn_000111,MODERATE,skin_soft_tissue,Colloid-Based Resuscitation,0.7277014547319163,0.7269837235282455,3.0,77.67414707664597,0.0,0,0
scn_000111,MODERATE,skin_soft_tissue,Conservative Fluid + Early Antibiotics,0.6813278362113966,0.6732260869622049,3.5,76.5947893560491,0.0,0,0
scn_000111,MODERATE,skin_soft_tissue,Staged Reassessment,0.6808900341000467,0.6711201783773068,3.5,77.14528471577508,0.0,0,0
scn_000318,LOW,bloodstream,Aggressive Fluid-First,0.8854711034817095,0.9899999999999999,3.5,85.98073565447315,0.0,1,1
scn_000318,LOW,bloodstream,Staged Reassessment,0.8840843963887961,0.9899999999999999,3.5,85.05626425919752,0.0,0,0
scn_000318,LOW,bloodstream,Conservative Fluid + Early Antibiotics,0.8830881010065823,0.9899999999999999,3.5,84.39206733772161,0.0,0,0
scn_000352,MODERATE,skin_soft_tissue,Colloid-Based Resuscitation,0.8372221159393467,0.9096666583002897,3.0,77.61474730611526,0.0,0,1
scn_000352,MODERATE,skin_soft_tissue,Conservative Fluid + Early Antibiotics,0.8266350294631145,0.9161351263165213,3.5,76.30263578213449,0.0,0,0
scn_000352,MODERATE,skin_soft_tissue,Aggressive Fluid-First,0.8252689246877442,0.9096666583002897,3.5,77.97928647171356,0.0,1,0
scn_000352,MODERATE,skin_soft_tissue,Staged Reassessment,0.8179603115723483,0.8999639562759417,3.5,76.98795853785553,0.0,0,0
scn_000312,LOW,skin_soft_tissue,Aggressive Fluid-First,0.8818522808282128,0.9899999999999999,3.5,83.56818721880863,0.0,1,1
scn_000312,LOW,skin_soft_tissue,Staged Reassessment,0.8804916565047114,0.9899999999999999,3.5,82.66110433647437,0.0,0,0
scn_000312,LOW,skin_soft_tissue,Conservative Fluid + Early Antibiotics,0.87949775559183,0.9899999999999999,3.5,81.99850372788678,0.0,0,0
scn_000420,HIGH,pulmonary,Dual Vasopressor Strategy,0.5677198032443963,0.4610000748360089,3.0,77.41317222852734,0.0,0,1
scn_000420,HIGH,pulmonary,Early Vasopressor + Fluids,0.565387134193383,0.4610000748360089,3.0,75.85805952785182,0.0,0,0
scn_000420,HIGH,pulmonary,Conservative Fluid + Early Antibiotics,0.5515910755765301,0.46418428733169326,3.5,73.72033545167605,0.0,0,0
scn_000420,HIGH,pulmonary,Aggressive Fluid-First,0.5496926381208597,0.4578158623403244,3.5,75.00208047777666,0.0,1,0
scn_000049,LOW,bloodstream,Aggressive Fluid-First,0.8848060457291363,0.9899999999999999,3.5,85.53736381942431,0.0,1,1
scn_000049,LOW,bloodstream,Staged Reassessment,0.8835024686346505,0.9899999999999999,3.5,84.66831242310045,0.0,0,0
scn_000049,LOW,bloodstream,Conservative Fluid + Early Antibiotics,0.8825248910657104,0.9899999999999999,3.5,84.01659404380706,0.0,0,0
scn_000449,HIGH,pulmonary,Dual Vasopressor Strategy,0.547225136322682,0.4302877297966598,3.0,76.0349989631241,0.0,0,1
scn_000449,HIGH,pulmonary,Early Vasopressor + Fluids,0.5444745551286825,0.4302877297966598,3.01,74.36794483379103,0.0,0,0
scn_000449,HIGH,pulmonary,Aggressive Fluid-First,0.5265949959356,0.42712226322306357,3.59,73.3810920011746,0.0,1,0
scn_000449,HIGH,pulmonary,Conservative Fluid + Early Antibiotics,0.5102730022579448,0.4334531963702562,4.32,72.13405629052745,0.0,0,0
scn_000385,MODERATE,pulmonary,Aggressive Fluid-First,0.8201666570949797,0.9011829038312104,3.5,77.97127653083575,0.0,1,1
scn_000385,MODERATE,pulmonary,Conservative Fluid + Early Antibiotics,0.8141986130604202,0.894410950619939,3.5,76.70136179230457,0.0,0,0
scn_000385,MODERATE,pulmonary,Staged Reassessment,0.8060344546653918,0.8793858287455878,3.5,77.26863827869278,0.0,0,0
scn_000392,HIGH,pulmonary,Dual Vasopressor Strategy,0.6188676120727986,0.5351480878837522,3.0,81.85250622836486,0.0,0,1
scn_000392,HIGH,pulmonary,Conservative Fluid + Early Antibiotics,0.5690852058114323,0.48279672177543,3.5,77.93811516411621,0.0,0,0
scn_000392,HIGH,pulmonary,Aggressive Fluid-First,0.5672252859484478,0.4764994539920746,3.5,79.2170757021353,0.0,1,0
scn_000181,HIGH,bloodstream,Dual Vasopressor Strategy,0.6037891067412069,0.5114352852210975,3.0,81.28529040569896,0.0,0,1
scn_000181,HIGH,bloodstream,Early Vasopressor + Fluids,0.6013327922735863,0.5114352852210975,3.0,79.64774742728522,0.0,0,0
scn_000181,HIGH,bloodstream,Colloid-Based Resuscitation,0.5975798698443094,0.5082396198205423,3.0,78.42406530132268,0.0,0,0
scn_000181,HIGH,bloodstream,Conservative Fluid + Early Antibiotics,0.5874408796444033,0.5146309506216526,3.5,77.44153951427447,0.0,0,0
scn_000181,HIGH,bloodstream,Aggressive Fluid-First,0.5854826754479073,0.5082396198205423,3.5,78.69260237038795,0.0,1,0
scn_000314,LOW,pulmonary,Aggressive Fluid-First,0.8901697402736832,0.9899999999999999,3.5,89.1131601824556,0.0,1,1
scn_000314,LOW,pulmonary,Staged Reassessment,0.8888861527298619,0.9899999999999999,3.5,88.25743515324137,0.0,0,0
scn_000314,LOW,pulmonary,Conservative Fluid + Early Antibiotics,0.8879186185782965,0.9899999999999999,3.5,87.6124123855311,0.0,0,0
scn_000498,CRITICAL,skin_soft_tissue,Dual Vasopressor Strategy,0.48448518308556676,0.35631041717913164,3.52,72.46595518539186,0.0,0,1
scn_000498,CRITICAL,skin_soft_tissue,Early Vasopressor + Fluids,0.4627622632620937,0.3443104171791316,4.0,70.78400863640982,0.0,0,0
scn_000498,CRITICAL,skin_soft_tissue,Aggressive Fluid-First,0.38532997217060794,0.2391443535691545,4.5,69.56224001941017,0.0,0,0
scn_000498,CRITICAL,skin_soft_tissue,Colloid-Based Resuscitation,0.37679925061549463,0.2051443535691545,4.0,69.141758982668,0.0,0,0
scn_000498,CRITICAL,skin_soft_tissue,Conservative Fluid + Early Antibiotics,0.3364515349432977,0.16347648078910873,4.5,67.24376431322165,0.0,1,0
scn_000309,LOW,pulmonary,Aggressive Fluid-First,0.8840203082071862,0.9899999999999999,3.5,85.01353880479091,0.0,1,1
scn_000309,LOW,pulmonary,Staged Reassessment,0.88266605851242,0.9899999999999999,3.5,84.11070567494677,0.0,0,0
scn_000309,LOW,pulmonary,Conservative Fluid + Early Antibiotics,0.8816949785691173,0.9899999999999999,3.5,83.46331904607825,0.0,0,0
scn_000409,HIGH,skin_soft_tissue,Dual Vasopressor Strategy,0.6564435410297662,0.6005859168757136,3.0,80.72799393622542,0.0,0,1
scn_000409,HIGH,skin_soft_tissue,Early Vasopressor + Fluids,0.6539606189009561,0.6005859168757136,3.0,79.07271251701864,0.0,0,0
scn_000409,HIGH,skin_soft_tissue,Colloid-Based Resuscitation,0.650182387048934,0.5974126032737213,3.0,77.82321672313422,0.0,0,0
scn_000409,HIGH,skin_soft_tissue,Conservative Fluid + Early Antibiotics,0.640000610094039,0.6037592304777062,3.5,76.83004787161016,0.0,0,0
scn_000409,HIGH,skin_soft_tissue,Aggressive Fluid-First,0.6381309984181136,0.5974126032737213,3.5,78.1222909692539,0.0,1,0
scn_000033,LOW,bloodstream,Aggressive Fluid-First,0.88716343468096,0.9899999999999999,3.5,87.10895645397349,0.0,1,1
scn_000033,LOW,bloodstream,Staged Reassessment,0.8857978833447864,0.9899999999999999,3.5,86.1985888965244,0.0,0,0
scn_000033,LOW,bloodstream,Conservative Fluid + Early Antibiotics,0.884809364448812,0.9899999999999999,3.5,85.53957629920814,0.0,0,0
scn_000245,CRITICAL,intra_abdominal,Dual Vasopressor Strategy,0.45895030109090085,0.2894277848371207,3.05,74.36242012575225,0.0,0,1
scn_000245,CRITICAL,intra_abdominal,Early Vasopressor + Fluids,0.44724274630373445,0.2894277848371207,3.42,72.72405026764135,0.0,0,0
scn_000245,CRITICAL,intra_abdominal,Colloid-Based Resuscitation,0.4299837005806422,0.2862849483940386,3.96,71.4751543628127,0.0,0,0
scn_000245,CRITICAL,intra_abdominal,Aggressive Fluid-First,0.4195984170952433,0.28234605240233007,4.3,71.79385710256352,0.0,1,0
scn_000245,CRITICAL,intra_abdominal,Conservative Fluid + Early Antibiotics,0.40380270104995325,0.26768713093430274,4.5,70.46028165958106,0.0,0,0
scn_000481,CRITICAL,bloodstream,Dual Vasopressor Strategy,0.4541467165245555,0.27181944022961124,3.0,77.37003492452588,0.0,0,1
scn_000481,CRITICAL,bloodstream,Early Vasopressor + Fluids,0.45173385724025317,0.27181944022961124,3.0,75.76146206832432,0.0,0,0
scn_000481,CRITICAL,bloodstream,Colloid-Based Resuscitation,0.4479897571695076,0.2686136654867267,3.0,74.54770525164776,0.0,0,0
scn_000481,CRITICAL,bloodstream,Conservative Fluid + Early Antibiotics,0.4378889712903876,0.2750252149724957,3.5,73.58256153792681,0.0,0,0
scn_000481,CRITICAL,bloodstream,Aggressive Fluid-First,0.4359241229237729,0.2686136654867267,3.5,74.8372824211579,0.0,1,0
scn_000435,HIGH,skin_soft_tissue,Dual Vasopressor Strategy,0.611391865901736,0.5403785505450986,3.01,74.94315704978452,0.0,0,1
scn_000435,HIGH,skin_soft_tissue,Early Vasopressor + Fluids,0.605692392856876,0.5403785505450986,3.14,73.3101750198779,0.0,0,0
scn_000435,HIGH,skin_soft_tissue,Colloid-Based Resuscitation,0.5867064508695912,0.5372106939518065,3.75,72.08668966567149,0.0,0,0
scn_000435,HIGH,skin_soft_tissue,Aggressive Fluid-First,0.5796187324320795,0.5372106939518065,4.05,72.36154404066377,0.0,1,0
scn_000435,HIGH,skin_soft_tissue,Conservative Fluid + Early Antibiotics,0.5702881949546256,0.5435464071383906,4.5,71.10690044772748,0.0,0,0
scn_000437,HIGH,pulmonary,Dual Vasopressor Strategy,0.6072427848226916,0.5318407267509571,3.0,75.42556584807826,0.0,0,1
scn_000437,HIGH,pulmonary,Colloid-Based Resuscitation,0.5905350954081509,0.5286343918364583,3.42,72.5696402041839,0.0,0,0
scn_000437,HIGH,pulmonary,Aggressive Fluid-First,0.5801221457150866,0.5286343918364583,3.85,72.7943404088077,0.0,1,0
scn_000437,HIGH,pulmonary,Conservative Fluid + Early Antibiotics,0.5666510389928459,0.5350470616654561,4.47,71.58186799571479,0.0,0,0
scn_000225,HIGH,bloodstream,Dual Vasopressor Strategy,0.6119324087314476,0.533165166931402,3.0,78.02220571507094,0.0,0,1
scn_000225,HIGH,bloodstream,Colloid-Based Resuscitation,0.6049002153909185,0.5284634520121546,3.0,75.21476278908389,0.0,0,0
scn_000225,HIGH,bloodstream,Conservative Fluid + Early Antibiotics,0.5948183454548117,0.5348668818506493,3.5,74.26547756294808,0.0,0,0
scn_000225,HIGH,bloodstream,Aggressive Fluid-First,0.5929287911587056,0.5284634520121546,3.5,75.56714663427522,0.0,1,0
scn_000275,CRITICAL,intra_abdominal,Dual Vasopressor Strategy,0.521930785504293,0.38291856317697276,3.0,78.11976506540621,0.0,0,1
scn_000275,CRITICAL,intra_abdominal,Early Vasopressor + Fluids,0.5195153506874695,0.38291856317697276,3.0,76.50947518752382,0.0,0,0
scn_000275,CRITICAL,intra_abdominal,Colloid-Based Resuscitation,0.5157139096262765,0.3796838641459997,3.0,75.26906075911783,0.0,0,0
scn_000275,CRITICAL,intra_abdominal,Conservative Fluid + Early Antibiotics,0.5056462875733501,0.38615326220794566,3.5,74.30288683238842,0.0,0,0
scn_000275,CRITICAL,intra_abdominal,Aggressive Fluid-First,0.5037324337111173,0.3796838641459997,3.5,75.61474348234506,0.0,1,0
scn_000451,CRITICAL,intra_abdominal,Dual Vasopressor Strategy,0.5016595035021878,0.35954455166459676,3.03,74.45518166895312,0.0,0,1
scn_000451,CRITICAL,intra_abdominal,Early Vasopressor + Fluids,0.4913940597475834,0.35954455166459676,3.34,72.77821916588356,0.0,0,0
scn_000451,CRITICAL,intra_abdominal,Colloid-Based Resuscitation,0.47162152294660387,0.3563986424102653,3.98,71.52155833362981,0.0,0,0
scn_000451,CRITICAL,intra_abdominal,Aggressive Fluid-First,0.4627956469362269,0.3563986424102653,4.35,71.80430766004514,0.0,0,0
scn_000451,CRITICAL,intra_abdominal,Conservative Fluid + Early Antibiotics,0.4476533106281515,0.34069046091892835,4.5,70.49268938452968,0.0,1,0
scn_000374,MODERATE,urinary_tract,Aggressive Fluid-First,0.8768246126031936,0.9899999999999999,3.5,80.21640840212912,0.0,1,1
scn_000374,MODERATE,urinary_tract,Staged Reassessment,0.875420466303048,0.9899999999999999,3.5,79.28031086869882,0.0,0,0
scn_000374,MODERATE,urinary_tract,Conservative Fluid + Early Antibiotics,0.8744345097305442,0.9899999999999999,3.5,78.62300648702953,0.0,0,0
scn_000207,HIGH,skin_soft_tissue,Dual Vasopressor Strategy,0.5823201737876196,0.47855459175644255,3.0,80.12494582250267,0.0,0,1
scn_000207,HIGH,skin_soft_tissue,Colloid-Based Resuscitation,0.5761515558976308,0.4754347340786413,3.0,77.26047696696406,0.0,0,0
scn_000207,HIGH,skin_soft_tissue,Conservative Fluid + Early Antibiotics,0.5659190395529075,0.48167444943424365,3.5,76.2762465949075,0.0,0,0
scn_000207,HIGH,skin_soft_tissue,Aggressive Fluid-First,0.5640493836979878,0.4754347340786413,3.5,77.52569550053539,0.0,1,0
scn_000379,MODERATE,skin_soft_tissue,Aggressive Fluid-First,0.8766679837516188,0.9899999999999999,3.5,80.11198916774596,0.0,1,1
scn_000379,MODERATE,skin_soft_tissue,Staged Reassessment,0.8752638648800863,0.9899999999999999,3.5,79.17590992005763,0.0,0,0
scn_000379,MODERATE,skin_soft_tissue,Conservative Fluid + Early Antibiotics,0.8742959482178503,0.9899999999999999,3.5,78.53063214523362,0.0,0,0
scn_000166,HIGH,intra_abdominal,Dual Vasopressor Strategy,0.646230439839474,0.5793717542960336,3.0,82.40492484123594,0.0,0,1
scn_000166,HIGH,intra_abdominal,Early Vasopressor + Fluids,0.6437463121382276,0.5793717542960336,3.0,80.74883970707172,0.0,0,0
scn_000166,HIGH,intra_abdominal,Colloid-Based Resuscitation,0.6399828424985956,0.5762303923408748,3.0,79.49640472938049,0.0,0,0
scn_000166,HIGH,intra_abdominal,Conservative Fluid + Early Antibiotics,0.6297620002240383,0.5825131162511923,3.5,78.50275364888195,0.0,0,0
scn_000166,HIGH,intra_abdominal,Aggressive Fluid-First,0.627939368927132,0.5762303923408748,3.5,79.80075568173812,0.0,1,0
scn_000485,CRITICAL,pulmonary,Dual Vasopressor Strategy,0.46826606188613573,0.28916526408662335,3.0,79.84460228944114,0.0,0,1
scn_000485,CRITICAL,pulmonary,Early Vasopressor + Fluids,0.46586342408557063,0.28916526408662335,3.0,78.2428437557311,0.0,0,0
scn_000485,CRITICAL,pulmonary,Colloid-Based Resuscitation,0.4621678154864881,0.2860293360843438,3.0,77.03347589058787,0.0,0,0
scn_000485,CRITICAL,pulmonary,Conservative Fluid + Early Antibiotics,0.4519893464088845,0.29230119208890293,3.5,76.07242077036184,0.0,1,0
scn_000485,CRITICAL,pulmonary,Aggressive Fluid-First,0.45010282549662456,0.2860293360843438,3.5,77.32348256401218,0.0,0,0
scn_000026,LOW,bloodstream,Aggressive Fluid-First,0.8781893314802256,0.9899999999999999,3.5,81.12622098681716,0.0,1,1
scn_000026,LOW,bloodstream,Staged Reassessment,0.8769170917503892,0.9899999999999999,3.5,80.27806116692625,0.0,0,0
scn_000026,LOW,bloodstream,Conservative Fluid + Early Antibiotics,0.8759557827754884,0.9899999999999999,3.5,79.63718851699235,0.0,0,0
scn_000272,CRITICAL,urinary_tract,Dual Vasopressor Strategy,0.4448102094385371,0.2696742334877259,3.11,73.8371128972677,0.0,0,1
scn_000272,CRITICAL,urinary_tract,Early Vasopressor + Fluids,0.4306606983707537,0.2696742334877259,3.58,72.23743885207881,0.0,0,0
scn_000272,CRITICAL,urinary_tract,Colloid-Based Resuscitation,0.41255406530768246,0.2600356404075432,4.0,71.02178737543771,0.0,0,0
scn_000272,CRITICAL,urinary_tract,Aggressive Fluid-First,0.40227854818056585,0.2617586824909178,4.47,71.31555912401012,0.0,1,0
scn_000272,CRITICAL,urinary_tract,Conservative Fluid + Early Antibiotics,0.3660565437017405,0.206107896358286,4.5,69.92787059117926,0.0,0,0
scn_000480,CRITICAL,intra_abdominal,Dual Vasopressor Strategy,0.4707659000462431,0.2990349818362448,3.0,77.56327396299747,0.0,0,1
scn_000480,CRITICAL,intra_abdominal,Early Vasopressor + Fluids,0.46844420033471545,0.2990349818362448,3.0,76.0154741553124,0.0,0,0
scn_000480,CRITICAL,intra_abdominal,Colloid-Based Resuscitation,0.4647594168002628,0.2959024823142383,3.0,74.81195160781319,0.0,0,0
scn_000480,CRITICAL,intra_abdominal,Conservative Fluid + Early Antibiotics,0.45462539639975397,0.3021674813582512,3.5,73.88327172320216,0.0,0,0
scn_000480,CRITICAL,intra_abdominal,Aggressive Fluid-First,0.4527949256339494,0.2959024823142383,3.5,75.16895749693761,0.0,1,0
scn_000196,HIGH,bloodstream,Dual Vasopressor Strategy,0.6576020782311087,0.6094784119864043,3.0,77.94335402617747,0.0,0,1
scn_000196,HIGH,bloodstream,Early Vasopressor + Fluids,0.6551679787562438,0.6094784119864043,3.0,76.32062104293416,0.0,0,0
scn_000196,HIGH,bloodstream,Colloid-Based Resuscitation,0.6514369268528502,0.60633424324992,3.0,75.0909206019321,0.0,0,0
scn_000196,HIGH,bloodstream,Conservative Fluid + Early Antibiotics,0.6412494696517123,0.6126225807228886,3.5,74.11728081198609,0.0,0,0
scn_000196,HIGH,bloodstream,Aggressive Fluid-First,0.6393924710853567,0.60633424324992,3.5,75.39461675693649,0.0,1,0
scn_000496,CRITICAL,pulmonary,Dual Vasopressor Strategy,0.5101126247295752,0.373088988405154,3.02,74.5061544576552,0.0,0,1
scn_000496,CRITICAL,pulmonary,Early Vasopressor + Fluids,0.5004319581175839,0.373088988405154,3.31,72.88571004966101,0.0,0,0
scn_000496,CRITICAL,pulmonary,Colloid-Based Resuscitation,0.4806937705127118,0.36984980449975524,3.95,71.68925854190579,0.0,0,0
scn_000496,CRITICAL,pulmonary,Aggressive Fluid-First,0.47104467390255705,0.36984980449975524,4.35,71.92319413513592,0.0,1,0
scn_000496,CRITICAL,pulmonary,Conservative Fluid + Early Antibiotics,0.46576970561230513,0.37032817231055276,4.5,70.71520148398231,0.0,0,0
scn_000228,CRITICAL,bloodstream,Dual Vasopressor Strategy,0.45579766543337435,0.2798791479163824,3.0,75.24678445569661,0.0,0,1
scn_000228,CRITICAL,bloodstream,Early Vasopressor + Fluids,0.45181935681456686,0.2798791479163824,3.06,73.59457870982496,0.0,0,0
scn_000228,CRITICAL,bloodstream,Colloid-Based Resuscitation,0.43429012110669174,0.2767244334975303,3.61,72.33697400544908,0.0,0,0
scn_000228,CRITICAL,bloodstream,Aggressive Fluid-First,0.42877231987529707,0.2767244334975303,3.85,72.65843985118595,0.0,1,0
scn_000228,CRITICAL,bloodstream,Conservative Fluid + Early Antibiotics,0.4143387932380299,0.28303386233523464,4.5,71.34565055792608,0.0,0,0
scn_000139,HIGH,skin_soft_tissue,Dual Vasopressor Strategy,0.6381863712028207,0.5721129958725115,3.0,79.94571578620925,0.0,0,1
scn_000139,HIGH,skin_soft_tissue,Early Vasopressor + Fluids,0.6357440268356706,0.5721129958725115,3.0,78.31748620810914,0.0,0,0
scn_000139,HIGH,skin_soft_tissue,Conservative Fluid + Early Antibiotics,0.6218659355440619,0.5753264957638935,3.5,76.11335872381717,0.0,0,0
scn_000139,HIGH,skin_soft_tissue,Aggressive Fluid-First,0.6199101987648368,0.5688994959811297,3.5,77.38033411743932,0.0,1,0
scn_000015,LOW,urinary_tract,Aggressive Fluid-First,0.884385024035556,0.9899999999999999,3.5,85.25668269037074,0.0,1,1
scn_000015,LOW,urinary_tract,Staged Reassessment,0.8830987976235714,0.9899999999999999,3.5,84.39919841571432,0.0,0,0
scn_000015,LOW,urinary_tract,Conservative Fluid + Early Antibiotics,0.882116227124672,0.9899999999999999,3.5,83.74415141644809,0.0,0,0
scn_000311,LOW,skin_soft_tissue,Aggressive Fluid-First,0.8860904277796184,0.9899999999999999,3.5,86.39361851974576,0.0,1,1
scn_000311,LOW,skin_soft_tissue,Staged Reassessment,0.8848551992627449,0.9899999999999999,3.5,85.57013284183007,0.0,0,0
scn_000311,LOW,skin_soft_tissue,Conservative Fluid + Early Antibiotics,0.8839221074636568,0.9899999999999999,3.5,84.94807164243802,0.0,0,0
scn_000290,CRITICAL,bloodstream,Dual Vasopressor Strategy,0.4886901931394676,0.3293360560290987,3.0,77.39237301467224,0.0,0,1
scn_000290,CRITICAL,bloodstream,Early Vasopressor + Fluids,0.4861927707085921,0.3293360560290987,3.0,75.72742472742193,0.0,0,0
scn_000290,CRITICAL,bloodstream,Colloid-Based Resuscitation,0.4824441174768658,0.32619563350201725,3.0,74.48449158377026,0.0,0,0
scn_000290,CRITICAL,bloodstream,Conservative Fluid + Early Antibiotics,0.47196417105083827,0.3324764785561803,3.51,73.48552261142007,0.0,0,0
scn_000290,CRITICAL,bloodstream,Aggressive Fluid-First,0.47034961165322053,0.32619563350201725,3.5,74.75482103467345,0.0,1,0
scn_000097,MODERATE,bloodstream,Colloid-Based Resuscitation,0.8043391475127372,0.8506032330887503,3.0,79.31813843965796,0.0,0,1
scn_000097,MODERATE,bloodstream,Conservative Fluid + Early Antibiotics,0.7939011896816452,0.8571223267692234,3.5,78.08519574674085,0.0,0,0
scn_000097,MODERATE,bloodstream,Aggressive Fluid-First,0.7925577239580716,0.8506032330887503,3.5,79.79718940321426,0.0,1,0
scn_000097,MODERATE,bloodstream,Staged Reassessment,0.7851854592055222,0.8408245925680409,3.5,78.79380244313182,0.0,0,0
scn_000353,MODERATE,skin_soft_tissue,Colloid-Based Resuscitation,0.7562406390562009,0.7774001543826371,3.0,76.53369761774574,0.0,0,1
scn_000353,MODERATE,skin_soft_tissue,Aggressive Fluid-First,0.7434696601001805,0.775900154382637,3.5,76.95304498039889,0.0,1,0
scn_000353,MODERATE,skin_soft_tissue,Staged Reassessment,0.7146610985175025,0.7303406824056665,3.5,75.97112604940173,0.0,0,0
scn_000353,MODERATE,skin_soft_tissue,Conservative Fluid + Early Antibiotics,0.6944346351753722,0.6982731357006177,3.5,75.31383583666768,0.0,0,0
scn_000028,LOW,pulmonary,Aggressive Fluid-First,0.8771657842214727,0.9899999999999999,3.5,80.44385614764862,0.0,1,1
scn_000028,LOW,pulmonary,Staged Reassessment,0.8758259336819089,0.9899999999999999,3.5,79.55062245460599,0.0,0,0
scn_000028,LOW,pulmonary,Conservative Fluid + Early Antibiotics,0.874856950143363,0.9899999999999999,3.5,78.90463342890877,0.0,0,0
scn_000301,LOW,bloodstream,Aggressive Fluid-First,0.884371323286917,0.9899999999999999,3.5,85.24754885794478,0.0,1,1
scn_000301,LOW,bloodstream,Staged Reassessment,0.8830225018006216,0.9899999999999999,3.5,84.34833453374782,0.0,0,0
scn_000301,LOW,bloodstream,Conservative Fluid + Early Antibiotics,0.8820610789794663,0.9899999999999999,3.5,83.70738598631092,0.0,0,0
scn_000064,MODERATE,bloodstream,Conservative Fluid + Early Antibiotics,0.8070827995574541,0.88205290665197,3.5,76.90070371084808,0.0,0,1
scn_000064,MODERATE,bloodstream,Aggressive Fluid-First,0.8057794357570952,0.8757937832339202,3.5,78.53544387782875,0.0,1,0
scn_000064,MODERATE,bloodstream,Staged Reassessment,0.7987006577139332,0.8664050981068456,3.5,77.57173256655058,0.0,0,0
scn_000289,CRITICAL,bloodstream,Dual Vasopressor Strategy,0.48852310116841924,0.33101790611900883,3.0,76.60823833134265,0.0,0,1
scn_000289,CRITICAL,bloodstream,Early Vasopressor + Fluids,0.48612754758301474,0.33101790611900883,3.0,75.01120260773965,0.0,0,0
scn_000289,CRITICAL,bloodstream,Colloid-Based Resuscitation,0.4824332848579351,0.32783322437903484,3.0,73.82223348700946,0.0,0,0
scn_000289,CRITICAL,bloodstream,Aggressive Fluid-First,0.46981146364994597,0.32783322437903484,3.52,74.07435268168341,0.0,1,0
scn_000289,CRITICAL,bloodstream,Conservative Fluid + Early Antibiotics,0.46681757079466113,0.33420258785898277,3.72,72.86401205284764,0.0,0,0
scn_000441,HIGH,skin_soft_tissue,Dual Vasopressor Strategy,0.5555705077334544,0.4385234997931968,3.0,78.3042719050242,0.0,0,1
scn_000441,HIGH,skin_soft_tissue,Colloid-Based Resuscitation,0.5394270877145237,0.4188123550617969,3.0,75.42644978496376,0.0,0,0
scn_000441,HIGH,skin_soft_tissue,Conservative Fluid + Early Antibiotics,0.529327410330796,0.42523464452459675,3.5,74.45774907735866,0.0,0,0
scn_000441,HIGH,skin_soft_tissue,Aggressive Fluid-First,0.5274153956848437,0.4188123550617969,3.5,75.75198843184376,0.0,1,0
scn_000438,HIGH,intra_abdominal,Dual Vasopressor Strategy,0.613865030725459,0.5421566773319829,3.0,75.7140162175128,0.0,0,1
scn_000438,HIGH,intra_abdominal,Colloid-Based Resuscitation,0.601945530022823,0.5389420279285096,3.23,72.88687551047813,0.0,0,0
scn_000438,HIGH,intra_abdominal,Aggressive Fluid-First,0.5916283605328514,0.5389420279285096,3.66,73.17542918383036,0.0,1,0
scn_000438,HIGH,intra_abdominal,Conservative Fluid + Early Antibiotics,0.5741025548792975,0.5453713267354563,4.44,71.91983922534924,0.0,0,0
scn_000185,HIGH,bloodstream,Dual Vasopressor Strategy,0.6803090942713316,0.6358797750659797,3.0,82.52081948782923,0.0,0,1
scn_000185,HIGH,bloodstream,Aggressive Fluid-First,0.576397160565838,0.49171188624845386,3.5,79.24668587784376,0.0,1,0
scn_000185,HIGH,bloodstream,Conservative Fluid + Early Antibiotics,0.575575129325787,0.49354766388350557,3.5,77.96435399712246,0.0,0,0
scn_000040,LOW,urinary_tract,Aggressive Fluid-First,0.8865241043072414,0.9899999999999999,3.5,86.68273620482769,0.0,1,1
scn_000040,LOW,urinary_tract,Staged Reassessment,0.8851308570329364,0.9899999999999999,3.5,85.75390468862437,0.0,0,0
scn_000040,LOW,urinary_tract,Conservative Fluid + Early Antibiotics,0.8841297537042399,0.9899999999999999,3.5,85.08650246949331,0.0,0,0
scn_000254,CRITICAL,pulmonary,Dual Vasopressor Strategy,0.46295813647409184,0.2921027749749583,3.0,75.13098099274458,0.0,0,1
scn_000254,CRITICAL,pulmonary,Early Vasopressor + Fluids,0.45884672821383743,0.2921027749749583,3.07,73.55670881924163,0.0,0,0
scn_000254,CRITICAL,pulmonary,Colloid-Based Resuscitation,0.44060347745471495,0.2888895440545647,3.65,72.34650068131742,0.0,0,0
scn_000254,CRITICAL,pulmonary,Aggressive Fluid-First,0.4341022800846883,0.2888895440545647,3.93,72.67903576796633,0.0,1,0
scn_000254,CRITICAL,pulmonary,Conservative Fluid + Early Antibiotics,0.4220425096030347,0.295316005895352,4.49,71.40193737721566,0.0,0,0
scn_000445,HIGH,skin_soft_tissue,Dual Vasopressor Strategy,0.571951982198482,0.46880242535038547,3.0,77.1136846588338,0.0,0,1
scn_000445,HIGH,skin_soft_tissue,Conservative Fluid + Early Antibiotics,0.5549743465790968,0.4719288049648693,3.53,73.37804240011684,0.0,0,0
scn_000445,HIGH,skin_soft_tissue,Aggressive Fluid-First,0.5538285111707181,0.4656760457359018,3.5,74.61525581945132,0.0,1,0
scn_000233,CRITICAL,bloodstream,Dual Vasopressor Strategy,0.5035342984416241,0.3626625242058787,3.02,74.29118927873131,0.0,0,1
scn_000233,CRITICAL,bloodstream,Early Vasopressor + Fluids,0.4927022211935614,0.3626625242058787,3.36,72.73647111335612,0.0,0,0
scn_000233,CRITICAL,bloodstream,Colloid-Based Resuscitation,0.4736857628717125,0.35943456304256605,3.97,71.51668336411524,0.0,0,0
scn_000233,CRITICAL,bloodstream,Aggressive Fluid-First,0.4655095881170744,0.35943456304256605,4.32,71.89923352768983,0.0,1,0
scn_000233,CRITICAL,bloodstream,Conservative Fluid + Early Antibiotics,0.45328839802783805,0.34989048536919115,4.5,70.56940453754892,0.0,0,0
scn_000231,CRITICAL,skin_soft_tissue,Dual Vasopressor Strategy,0.47985350469541077,0.31976568723134574,3.0,75.32939490440224,0.0,0,1
scn_000231,CRITICAL,skin_soft_tissue,Early Vasopressor + Fluids,0.47705163645561205,0.31976568723134574,3.02,73.79481607786974,0.0,0,0
scn_000231,CRITICAL,skin_soft_tissue,Colloid-Based Resuscitation,0.46437702278047943,0.3166139586199945,3.38,72.60576507232182,0.0,0,0
scn_000231,CRITICAL,skin_soft_tissue,Aggressive Fluid-First,0.45614412610388544,0.3166139586199945,3.73,72.95050062125918,0.0,1,0
scn_000231,CRITICAL,skin_soft_tissue,Conservative Fluid + Early Antibiotics,0.43877797617022163,0.32291741584269684,4.5,71.68501777640235,0.0,0,0
scn_000195,HIGH,bloodstream,Dual Vasopressor Strategy,0.6249523472149311,0.5508984769402708,3.0,79.60884070051242,0.0,0,1
scn_000195,HIGH,bloodstream,Early Vasopressor + Fluids,0.6224855678338668,0.5508984769402708,3.0,77.96432111313625,0.0,0,0
scn_000195,HIGH,bloodstream,Colloid-Based Resuscitation,0.6187522917921396,0.5477169380734217,3.0,76.74808596539114,0.0,0,0
scn_000195,HIGH,bloodstream,Conservative Fluid + Early Antibiotics,0.6085900708037203,0.5540800158071201,3.5,75.76137421296545,0.0,0,0
scn_000195,HIGH,bloodstream,Aggressive Fluid-First,0.6066150342957235,0.5477169380734217,3.5,76.9899143011137,0.0,1,0
scn_000178,HIGH,urinary_tract,Dual Vasopressor Strategy,0.6429084387788919,0.578923915133256,3.0,80.36939313262556,0.0,0,1
scn_000178,HIGH,urinary_tract,Colloid-Based Resuscitation,0.607881914696517,0.5277417068402755,3.0,77.4912603949011,0.0,0,0
scn_000178,HIGH,urinary_tract,Conservative Fluid + Early Antibiotics,0.5977869450659301,0.5341061234262364,3.5,76.54884734012553,0.0,0,0
scn_000178,HIGH,urinary_tract,Aggressive Fluid-First,0.595857257324928,0.5277417068402755,3.5,77.80815548050842,0.0,1,0
scn_000444,HIGH,intra_abdominal,Dual Vasopressor Strategy,0.6236384134316107,0.5536011838187812,3.0,77.65180209356132,0.0,0,1
scn_000444,HIGH,intra_abdominal,Early Vasopressor + Fluids,0.6211972197262288,0.5536011838187812,3.0,76.02433962330669,0.0,0,0
scn_000444,HIGH,intra_abdominal,Colloid-Based Resuscitation,0.6173844372634334,0.5503485210867081,3.0,74.78354974093902,0.0,0,0
scn_000444,HIGH,intra_abdominal,Conservative Fluid + Early Antibiotics,0.6073229163186921,0.5568538465508545,3.5,73.80707225878626,0.0,0,0
scn_000444,HIGH,intra_abdominal,Aggressive Fluid-First,0.6053660771912814,0.5503485210867081,3.5,75.10464302617105,0.0,1,0
scn_000070,MODERATE,skin_soft_tissue,Aggressive Fluid-First,0.724128676846524,0.7362587592633794,3.5,79.91561419233098,0.0,1,1
scn_000070,MODERATE,skin_soft_tissue,Staged Reassessment,0.6801271028563545,0.6651702112149972,3.5,79.01665075157074,0.0,0,0
scn_000070,MODERATE,skin_soft_tissue,Conservative Fluid + Early Antibiotics,0.6735081212766776,0.6556511246289675,3.5,78.41163099953138,0.0,0,0
scn_000418,HIGH,bloodstream,Dual Vasopressor Strategy,0.6381572515157385,0.5732101680084756,3.0,79.48743380710208,0.0,0,1
scn_000418,HIGH,bloodstream,Colloid-Based Resuscitation,0.6119827068260072,0.5370467425345682,3.0,76.5031075368442,0.0,0,0
scn_000418,HIGH,bloodstream,Conservative Fluid + Early Antibiotics,0.6017827803446623,0.5433735934823828,3.5,75.50574950348843,0.0,0,0
scn_000418,HIGH,bloodstream,Aggressive Fluid-First,0.5999284218650012,0.5370467425345682,3.5,76.80025089617352,0.0,1,0
scn_000323,LOW,skin_soft_tissue,Aggressive Fluid-First,0.8846629156110701,0.9899999999999999,3.5,85.44194374071354,0.0,1,1
scn_000323,LOW,skin_soft_tissue,Staged Reassessment,0.883305793772678,0.9899999999999999,3.5,84.53719584845217,0.0,0,0
scn_000323,LOW,skin_soft_tissue,Conservative Fluid + Early Antibiotics,0.8823209395527557,0.9899999999999999,3.5,83.88062636850393,0.0,0,0
scn_000321,LOW,skin_soft_tissue,Colloid-Based Resuscitation,0.8952686428845389,0.9899999999999999,3.0,84.1790952563593,0.0,0,1
scn_000321,LOW,skin_soft_tissue,Aggressive Fluid-First,0.8832968060437937,0.9899999999999999,3.5,84.53120402919592,0.0,1,0
scn_000321,LOW,skin_soft_tissue,Staged Reassessment,0.8819451243080308,0.9899999999999999,3.5,83.63008287202068,0.0,0,0
scn_000321,LOW,skin_soft_tissue,Conservative Fluid + Early Antibiotics,0.880974114420794,0.9899999999999999,3.5,82.98274294719613,0.0,0,0
scn_000394,HIGH,pulmonary,Dual Vasopressor Strategy,0.5843042061531776,0.47968563562224537,3.0,80.9952165198869,0.0,0,1
scn_000394,HIGH,pulmonary,Colloid-Based Resuscitation,0.5781122307863431,0.47653601363218634,3.0,78.12708173802088,0.0,0,0
scn_000394,HIGH,pulmonary,Conservative Fluid + Early Antibiotics,0.5679348863051307,0.4828352576123045,3.5,77.15582115849864,0.0,0,0
scn_000394,HIGH,pulmonary,Aggressive Fluid-First,0.5661414782348964,0.47653601363218634,3.5,78.47991337038971,0.0,1,0
scn_000103,MODERATE,bloodstream,Conservative Fluid + Early Antibiotics,0.7604366681476592,0.8118173692708079,3.5,73.8974977234497,0.0,0,1
scn_000103,MODERATE,bloodstream,Aggressive Fluid-First,0.7584869577240252,0.8055703246928178,3.5,75.09650860555638,0.0,1,0
scn_000103,MODERATE,bloodstream,Staged Reassessment,0.7518836087002924,0.7961997578258329,3.5,74.44250266986181,0.0,0,0
scn_000386,MODERATE,intra_abdominal,Colloid-Based Resuscitation,0.8537321832027502,0.926840254227256,3.0,81.75202044426445,0.0,0,1
scn_000386,MODERATE,intra_abdominal,Conservative Fluid + Early Antibiotics,0.8431425743357873,0.9331559436449455,3.5,80.49933876588005,0.0,0,0
scn_000386,MODERATE,intra_abdominal,Aggressive Fluid-First,0.8418814516588289,0.926840254227256,3.5,82.18486608165018,0.0,1,0
scn_000386,MODERATE,intra_abdominal,Staged Reassessment,0.8347201262007314,0.9173667201007217,3.5,81.20006276019897,0.0,0,0
scn_000478,CRITICAL,bloodstream,Dual Vasopressor Strategy,0.474331798550013,0.33011676756430125,3.32,72.84115867428818,0.0,0,1
scn_000478,CRITICAL,bloodstream,Early Vasopressor + Fluids,0.45031887348479754,0.32211676756430124,3.99,71.19920863081119,0.0,0,0
scn_000478,CRITICAL,bloodstream,Aggressive Fluid-First,0.39805762780489096,0.25895579999681956,4.5,70.12276520453281,0.0,1,0
scn_000478,CRITICAL,bloodstream,Colloid-Based Resuscitation,0.3871864387483357,0.22095579999681955,4.0,69.74197250016269,0.0,0,0
scn_000478,CRITICAL,bloodstream,Conservative Fluid + Early Antibiotics,0.3194104999415386,0.13327773513178282,4.5,67.96257257497923,0.0,0,0
scn_000262,CRITICAL,urinary_tract,Dual Vasopressor Strategy,0.5010366609227841,0.3516253983608798,3.0,76.7076146041708,0.0,0,1
scn_000262,CRITICAL,urinary_tract,Early Vasopressor + Fluids,0.4985755441340011,0.3516253983608798,3.0,75.0668700783155,0.0,0,0
scn_000262,CRITICAL,urinary_tract,Colloid-Based Resuscitation,0.49477800587843473,0.34842472998296187,3.0,73.81544525910508,0.0,0,0
scn_000262,CRITICAL,urinary_tract,Aggressive Fluid-First,0.48276525493443034,0.34842472998296187,3.5,74.14027796310215,0.0,1,0
scn_000262,CRITICAL,urinary_tract,Conservative Fluid + Early Antibiotics,0.47939213785866647,0.35482606673879774,3.71,72.83099854359189,0.0,0,0
scn_000251,CRITICAL,intra_abdominal,Dual Vasopressor Strategy,0.4604487770231919,0.27895705809403537,3.0,78.71636144451381,0.0,0,1
scn_000251,CRITICAL,intra_abdominal,Early Vasopressor + Fluids,0.45802800497234863,0.27895705809403537,3.0,77.10251341061827,0.0,0,0
scn_000251,CRITICAL,intra_abdominal,Conservative Fluid + Early Antibiotics,0.44413142692175195,0.28208750699124685,3.5,74.91928181800255,0.0,1,0
scn_000251,CRITICAL,intra_abdominal,Aggressive Fluid-First,0.44225385398887473,0.2758266091968239,3.5,76.17192564718694,0.0,0,0
scn_000479,CRITICAL,pulmonary,Dual Vasopressor Strategy,0.45666982569190523,0.2813302079634947,3.0,75.24780060920561,0.0,0,1
scn_000479,CRITICAL,pulmonary,Early Vasopressor + Fluids,0.45197636738958147,0.2813302079634947,3.09,73.61882840765642,0.0,0,0
scn_000479,CRITICAL,pulmonary,Colloid-Based Resuscitation,0.4372361352739669,0.27813730775392903,3.53,72.4025004144063,0.0,0,0
scn_000479,CRITICAL,pulmonary,Aggressive Fluid-First,0.42838369936425313,0.27813730775392903,3.9,72.66754314126382,0.0,1,0
scn_000479,CRITICAL,pulmonary,Conservative Fluid + Early Antibiotics,0.4156015405440514,0.28452310817306037,4.49,71.42511709347679,0.0,0,0
scn_000265,CRITICAL,urinary_tract,Dual Vasopressor Strategy,0.5015490385325007,0.34999238704371954,3.0,77.70240420417935,0.0,0,1
scn_000265,CRITICAL,urinary_tract,Early Vasopressor + Fluids,0.49906583909007474,0.34999238704371954,3.0,76.04693790922872,0.0,0,0
scn_000265,CRITICAL,urinary_tract,Colloid-Based Resuscitation,0.4953099400159082,0.3468346926478322,3.0,74.80608295147265,0.0,0,0
scn_000265,CRITICAL,urinary_tract,Conservative Fluid + Early Antibiotics,0.4851092536255176,0.353150081439607,3.5,73.81280317450226,0.0,0,0
scn_000265,CRITICAL,urinary_tract,Aggressive Fluid-First,0.48322962620171284,0.3468346926478322,3.5,75.08587374200904,0.0,1,0
scn_000274,CRITICAL,bloodstream,Dual Vasopressor Strategy,0.5371680239260601,0.420917374321169,3.06,74.07839955557249,0.0,0,1
scn_000274,CRITICAL,bloodstream,Early Vasopressor + Fluids,0.5235030453546148,0.420917374321169,3.51,72.4684138412756,0.0,0,0
scn_000274,CRITICAL,bloodstream,Colloid-Based Resuscitation,0.5065521324113315,0.41573533815482244,3.99,71.2406196789587,0.0,0,0
scn_000274,CRITICAL,bloodstream,Aggressive Fluid-First,0.49672791053097065,0.41773533815482244,4.45,71.5578050920515,0.0,1,0
scn_000274,CRITICAL,bloodstream,Conservative Fluid + Early Antibiotics,0.4660778229738903,0.37209941048751566,4.5,70.21211778758725,0.0,0,0
scn_000106,MODERATE,urinary_tract,Aggressive Fluid-First,0.8245234647961027,0.912008011536329,3.5,76.54577191620356,0.0,1,1
scn_000106,MODERATE,urinary_tract,Conservative Fluid + Early Antibiotics,0.7867639498153551,0.8526262945027925,3.5,75.12544874245313,0.0,0,0
scn_000106,MODERATE,urinary_tract,Staged Reassessment,0.7832550502324105,0.8452896249107006,3.5,75.7208501906601,0.0,0,0
scn_000246,CRITICAL,urinary_tract,Dual Vasopressor Strategy,0.5072391306100357,0.3519088742023208,3.0,80.72920405909547,0.0,0,1
scn_000246,CRITICAL,urinary_tract,Early Vasopressor + Fluids,0.5048074971857317,0.3519088742023208,3.0,79.10811510955946,0.0,0,0
scn_000246,CRITICAL,urinary_tract,Colloid-Based Resuscitation,0.5010603315830104,0.3487007459338387,3.0,77.89325601513812,0.0,0,0
scn_000246,CRITICAL,urinary_tract,Conservative Fluid + Early Antibiotics,0.49095110545060655,0.35511700247080297,3.5,76.92060264541652,0.0,0,0
scn_000246,CRITICAL,urinary_tract,Aggressive Fluid-First,0.48897054912663085,0.3487007459338387,3.5,78.16673437755176,0.0,1,0
scn_000029,LOW,pulmonary,Aggressive Fluid-First,0.8888086562211711,0.9899999999999999,3.5,88.20577081411419,0.0,1,1
scn_000029,LOW,pulmonary,Staged Reassessment,0.8874639033150522,0.9899999999999999,3.5,87.30926887670162,0.0,0,0
scn_000029,LOW,pulmonary,Conservative Fluid + Early Antibiotics,0.8864876183802509,0.9899999999999999,3.5,86.6584122535007,0.0,0,0
scn_000006,LOW,urinary_tract,Aggressive Fluid-First,0.882811363265967,0.9899999999999999,3.5,84.20757551064479,0.0,1,1
scn_000006,LOW,urinary_tract,Staged Reassessment,0.8814895438466408,0.9899999999999999,3.5,83.32636256442728,0.0,0,0
scn_000006,LOW,urinary_tract,Conservative Fluid + Early Antibiotics,0.880568904577398,0.9899999999999999,3.5,82.7126030515988,0.0,0,0
scn_000495,CRITICAL,urinary_tract,Dual Vasopressor Strategy,0.510130200332733,0.37122681736732216,3.0,74.92940660822656,0.0,0,1
scn_000495,CRITICAL,urinary_tract,Early Vasopressor + Fluids,0.5049401686578584,0.37122681736732216,3.11,73.3027188249767,0.0,0,0
scn_000495,CRITICAL,urinary_tract,Colloid-Based Resuscitation,0.4841920433826947,0.3680366379629191,3.79,72.08004040329553,0.0,0,0
scn_000495,CRITICAL,urinary_tract,Aggressive Fluid-First,0.4771156352954279,0.3680366379629191,4.09,72.36243501178431,0.0,1,0
scn_000495,CRITICAL,urinary_tract,Conservative Fluid + Early Antibiotics,0.4688062396630537,0.3744169967717255,4.5,71.10402773334562,0.0,0,0
scn_000411,HIGH,pulmonary,Dual Vasopressor Strategy,0.544064177296583,0.4192549767229655,3.0,78.34079417520243,0.0,0,1
scn_000411,HIGH,pulmonary,Conservative Fluid + Early Antibiotics,0.5277035867734245,0.422393265584096,3.5,74.5117516153113,0.0,0,0
scn_000411,HIGH,pulmonary,Aggressive Fluid-First,0.5259848802112058,0.4161166878618348,3.5,75.87657832940329,0.0,1,0
scn_000405,HIGH,pulmonary,Dual Vasopressor Strategy,0.5482313448395504,0.42687788877992927,3.0,78.06974104772854,0.0,0,1
scn_000405,HIGH,pulmonary,Conservative Fluid + Early Antibiotics,0.5318644530528368,0.4299536226951908,3.5,74.26151962381492,0.0,0,0
scn_000405,HIGH,pulmonary,Aggressive Fluid-First,0.5300598719606111,0.4238021548646681,3.5,75.51905269454016,0.0,1,0
scn_000294,CRITICAL,urinary_tract,Dual Vasopressor Strategy,0.46037030716946553,0.2819226235897087,3.0,77.47782201042689,0.0,0,1
scn_000294,CRITICAL,urinary_tract,Early Vasopressor + Fluids,0.45792678367780026,0.2819226235897087,3.0,75.84880634931673,0.0,0,0
scn_000294,CRITICAL,urinary_tract,Colloid-Based Resuscitation,0.454145559377573,0.27871413349524266,3.0,74.61138618695163,0.0,0,0
scn_000294,CRITICAL,urinary_tract,Conservative Fluid + Early Antibiotics,0.44402963339593315,0.28513111368417465,3.5,73.63397679028556,0.0,1,0
scn_000294,CRITICAL,urinary_tract,Aggressive Fluid-First,0.4421126311457133,0.27871413349524266,3.5,74.9227673657118,0.0,0,0
scn_000365,MODERATE,pulmonary,Conservative Fluid + Early Antibiotics,0.7959891380869986,0.8547504267720564,3.5,80.42592134917658,0.0,0,1
scn_000365,MODERATE,pulmonary,Aggressive Fluid-First,0.7948152114792163,0.848352968988874,3.5,82.20228672392795,0.0,1,0
scn_000365,MODERATE,pulmonary,Staged Reassessment,0.787472078437161,0.8387567823141003,3.5,81.14533936580062,0.0,0,0
scn_000066,MODERATE,intra_abdominal,Colloid-Based Resuscitation,0.7995956150767745,0.8553012504424556,3.0,74.27657654086747,0.0,0,1
scn_000066,MODERATE,intra_abdominal,Conservative Fluid + Early Antibiotics,0.7881115188593035,0.861533750466372,3.55,73.29417905298685,0.0,0,0
scn_000066,MODERATE,intra_abdominal,Aggressive Fluid-First,0.7872808211907103,0.8553012504424556,3.51,74.56671395015793,0.0,1,0
scn_000066,MODERATE,intra_abdominal,Staged Reassessment,0.7806304062533181,0.8459525004065809,3.51,73.87260400624643,0.0,0,0
scn_000447,HIGH,skin_soft_tissue,Dual Vasopressor Strategy,0.6307446999985638,0.5694248863573486,3.0,76.05984545610306,0.0,0,1
scn_000447,HIGH,skin_soft_tissue,Aggressive Fluid-First,0.6114927599220026,0.5662821261900499,3.54,73.48232280531514,0.0,1,0
scn_000447,HIGH,skin_soft_tissue,Conservative Fluid + Early Antibiotics,0.5942976652719819,0.5725676465246472,4.3,72.1713849047957,0.0,0,0
scn_000179,HIGH,pulmonary,Dual Vasopressor Strategy,0.6119554814161774,0.532224710363295,3.0,78.41377013213358,0.0,0,1
scn_000179,HIGH,pulmonary,Colloid-Based Resuscitation,0.6058671018421526,0.5290082706168924,3.0,75.64142631467811,0.0,0,0
scn_000179,HIGH,pulmonary,Conservative Fluid + Early Antibiotics,0.595799383547661,0.5354411501096974,3.5,74.6897956545617,0.0,0,0
scn_000179,HIGH,pulmonary,Aggressive Fluid-First,0.5937608343666847,0.5290082706168924,3.5,75.90391466436617,0.0,1,0
scn_000387,MODERATE,skin_soft_tissue,Colloid-Based Resuscitation,0.7826721897455772,0.815118744163437,3.0,79.06729549834337,0.0,0,1
scn_000387,MODERATE,skin_soft_tissue,Aggressive Fluid-First,0.7699906150262676,0.813618744163437,3.5,79.54624568547034,0.0,1,0
scn_000387,MODERATE,skin_soft_tissue,Conservative Fluid + Early Antibiotics,0.7567760143426291,0.7960035411452446,3.5,77.78259310365488,0.0,0,0
scn_000387,MODERATE,skin_soft_tissue,Staged Reassessment,0.7536698873508322,0.789041548690726,3.5,78.49663875759774,0.0,0,0
scn_000068,MODERATE,skin_soft_tissue,Conservative Fluid + Early Antibiotics,0.8660233095069529,0.9734437076698369,3.5,79.6380566033672,0.0,0,1
scn_000068,MODERATE,skin_soft_tissue,Aggressive Fluid-First,0.865093931808864,0.9675154073432677,3.5,81.38979160193558,0.0,1,0
scn_000068,MODERATE,skin_soft_tissue,Staged Reassessment,0.8578115108910327,0.9579871310721919,3.5,80.34615483181173,0.0,0,0
scn_000217,HIGH,urinary_tract,Dual Vasopressor Strategy,0.6206588476574166,0.5514336313081903,3.0,76.53244591500162,0.0,0,1
scn_000217,HIGH,urinary_tract,Colloid-Based Resuscitation,0.6139054779895227,0.548238009431659,3.02,73.64178155368477,0.0,0,0
scn_000217,HIGH,urinary_tract,Aggressive Fluid-First,0.6018694200713696,0.548238009431659,3.52,73.95107627491609,0.0,1,0
scn_000217,HIGH,urinary_tract,Conservative Fluid + Early Antibiotics,0.5965105638646483,0.5546292531847216,3.81,72.6553413025436,0.0,0,0
scn_000058,LOW,bloodstream,Aggressive Fluid-First,0.8829565364552716,0.9899999999999999,3.5,84.30435763684785,0.0,1,1
scn_000058,LOW,bloodstream,Staged Reassessment,0.8816750957835775,0.9899999999999999,3.5,83.45006385571847,0.0,0,0
scn_000058,LOW,bloodstream,Conservative Fluid + Early Antibiotics,0.8807273279197517,0.9899999999999999,3.5,82.81821861316794,0.0,0,0
scn_000434,HIGH,intra_abdominal,Dual Vasopressor Strategy,0.5801865593049003,0.48301849810158765,3.0,76.91697362929847,0.0,0,1
scn_000434,HIGH,intra_abdominal,Colloid-Based Resuscitation,0.5738652717097117,0.4797811692041774,3.0,73.99771345813689,0.0,0,0
scn_000434,HIGH,intra_abdominal,Aggressive Fluid-First,0.5617644519406215,0.4797811692041774,3.5,74.26383361207678,0.0,1,0
scn_000434,HIGH,intra_abdominal,Conservative Fluid + Early Antibiotics,0.5614944612234645,0.48625582699899794,3.59,72.99397668271045,0.0,0,0
scn_000060,LOW,skin_soft_tissue,Aggressive Fluid-First,0.8801737497020027,0.9899999999999999,3.5,82.44916646800188,0.0,1,1
scn_000060,LOW,skin_soft_tissue,Staged Reassessment,0.8788463346365597,0.9899999999999999,3.5,81.56422309103992,0.0,0,0
scn_000060,LOW,skin_soft_tissue,Conservative Fluid + Early Antibiotics,0.8778674512363701,0.9899999999999999,3.5,80.91163415758018,0.0,0,0
scn_000276,CRITICAL,bloodstream,Dual Vasopressor Strategy,0.531667177339248,0.4098552520082028,3.03,74.33601742288421,0.0,0,1
scn_000276,CRITICAL,bloodstream,Early Vasopressor + Fluids,0.5207793379735234,0.4098552520082028,3.37,72.74412451240114,0.0,0,0
scn_000276,CRITICAL,bloodstream,Colloid-Based Resuscitation,0.5018182482006847,0.4067011664290395,3.98,71.53169889550735,0.0,0,0
scn_000276,CRITICAL,bloodstream,Aggressive Fluid-First,0.49378525047516175,0.4067011664290395,4.32,71.84303374515872,0.0,1,0
scn_000276,CRITICAL,bloodstream,Conservative Fluid + Early Antibiotics,0.47914350494468033,0.3930093375873659,4.5,70.55860159484054,0.0,0,0
scn_000199,HIGH,bloodstream,Dual Vasopressor Strategy,0.5553455824801243,0.4397646703123775,3.0,77.65785352846521,0.0,0,1
scn_000199,HIGH,bloodstream,Colloid-Based Resuscitation,0.5492605469680997,0.4366129684620518,3.0,74.86184392724573,0.0,0,0
scn_000199,HIGH,bloodstream,Conservative Fluid + Early Antibiotics,0.5391199577320956,0.4429163721627032,3.5,73.91342295631578,0.0,0,0
scn_000199,HIGH,bloodstream,Aggressive Fluid-First,0.5372619057195684,0.4366129684620518,3.5,75.19608309489158,0.0,1,0
scn_000234,CRITICAL,bloodstream,Dual Vasopressor Strategy,0.45463433254181973,0.2815534137866752,3.03,74.30152284654304,0.0,0,1
scn_000234,CRITICAL,bloodstream,Early Vasopressor + Fluids,0.44164851100475583,0.2815534137866752,3.45,72.64430848850049,0.0,0,0
scn_000234,CRITICAL,bloodstream,Colloid-Based Resuscitation,0.4228222506084074,0.27503152774915296,3.97,71.36888930594372,0.0,0,0
scn_000234,CRITICAL,bloodstream,Aggressive Fluid-First,0.41609135290293064,0.27835463973965746,4.34,71.71904603942409,0.0,1,0
scn_000234,CRITICAL,bloodstream,Conservative Fluid + Early Antibiotics,0.39297982945655374,0.24994690557611768,4.5,70.3411240739221,0.0,0,0
scn_000497,CRITICAL,bloodstream,Dual Vasopressor Strategy,0.46505414184396154,0.30143554558284247,3.06,73.7952096628374,0.0,0,1
scn_000497,CRITICAL,bloodstream,Early Vasopressor + Fluids,0.44712334007051563,0.30143554558284247,3.68,72.17467514720676,0.0,0,0
scn_000497,CRITICAL,bloodstream,Colloid-Based Resuscitation,0.4318181565089411,0.2923617110196618,4.0,70.93408659809606,0.0,0,0
scn_000497,CRITICAL,bloodstream,Aggressive Fluid-First,0.4192193677200782,0.2905619498452944,4.48,71.25479854193436,0.0,1,0
scn_000497,CRITICAL,bloodstream,Conservative Fluid + Early Antibiotics,0.3614190575882958,0.19875097093295926,4.5,69.77898335234681,0.0,0,0
scn_000471,CRITICAL,urinary_tract,Dual Vasopressor Strategy,0.5450533914224842,0.4211763305654566,3.0,78.23172872214015,0.0,0,1
scn_000471,CRITICAL,urinary_tract,Early Vasopressor + Fluids,0.5425972290712497,0.4211763305654566,3.0,76.59428715465056,0.0,0,0
scn_000471,CRITICAL,urinary_tract,Colloid-Based Resuscitation,0.5387917516383078,0.41798747976110256,3.0,75.33284252109759,0.0,0,0
scn_000471,CRITICAL,urinary_tract,Conservative Fluid + Early Antibiotics,0.5286446751927921,0.4243651813698108,3.5,74.35037758060385,0.0,1,0
scn_000471,CRITICAL,urinary_tract,Aggressive Fluid-First,0.5268193986492058,0.41798747976110256,3.5,75.68460719502954,0.0,0,0
scn_000335,LOW,skin_soft_tissue,Colloid-Based Resuscitation,0.8919188935872924,0.9899999999999999,3.0,81.94592905819502,0.0,0,1
scn_000335,LOW,skin_soft_tissue,Aggressive Fluid-First,0.8800185455563081,0.9899999999999999,3.5,82.34569703753883,0.0,1,0
scn_000335,LOW,skin_soft_tissue,Staged Reassessment,0.8786028196516336,0.9899999999999999,3.5,81.40187976775583,0.0,0,0
scn_000335,LOW,skin_soft_tissue,Conservative Fluid + Early Antibiotics,0.8775860033614747,0.9899999999999999,3.5,80.72400224098325,0.0,0,0
scn_000164,HIGH,urinary_tract,Dual Vasopressor Strategy,0.6336017448818234,0.5617291305788321,3.0,81.04284435634952,0.0,0,1
scn_000164,HIGH,urinary_tract,Colloid-Based Resuscitation,0.627448356509025,0.558525732405705,3.0,78.2219447104013,0.0,0,0
scn_000164,HIGH,urinary_tract,Conservative Fluid + Early Antibiotics,0.6173525433806561,0.5649325287519592,3.5,77.26201741965376,0.0,0,0
scn_000164,HIGH,urinary_tract,Aggressive Fluid-First,0.6154259942657766,0.558525732405705,3.5,78.54036988156903,0.0,1,0
scn_000491,CRITICAL,intra_abdominal,Dual Vasopressor Strategy,0.47821833994327234,0.3400190714259741,3.4,72.8045980584586,0.0,0,1
scn_000491,CRITICAL,intra_abdominal,Early Vasopressor + Fluids,0.4557623473920355,0.33001907142597403,3.96,71.16726969096743,0.0,0,0
scn_000491,CRITICAL,intra_abdominal,Aggressive Fluid-First,0.4099925643572045,0.278860674809501,4.5,70.11743964766926,0.0,0,0
scn_000491,CRITICAL,intra_abdominal,Colloid-Based Resuscitation,0.3906440533068276,0.22686067480950098,4.0,69.68509894741804,0.0,0,0
scn_000491,CRITICAL,intra_abdominal,Conservative Fluid + Early Antibiotics,0.3253207082200424,0.14317746804244696,4.5,67.94281826304947,0.0,1,0
scn_000412,HIGH,bloodstream,Dual Vasopressor Strategy,0.5785217181288557,0.48189812540580534,3.0,76.25522859024835,0.0,0,1
scn_000412,HIGH,bloodstream,Colloid-Based Resuscitation,0.571465815965882,0.47869028000038955,3.03,73.33443197709884,0.0,0,0
scn_000412,HIGH,bloodstream,Aggressive Fluid-First,0.5591215030429544,0.47869028000038955,3.54,73.60489002848048,0.0,1,0
scn_000412,HIGH,bloodstream,Conservative Fluid + Early Antibiotics,0.5458098595154808,0.4851059708112212,4.15,72.33085135249873,0.0,0,0
scn_000153,HIGH,pulmonary,Dual Vasopressor Strategy,0.5878285816523563,0.5010850158127533,3.01,74.95171477646956,0.0,0,1
scn_000153,HIGH,pulmonary,Early Vasopressor + Fluids,0.5823849788380256,0.5010850158127533,3.13,73.3226462335824,0.0,0,0
scn_000153,HIGH,pulmonary,Colloid-Based Resuscitation,0.5633800811343282,0.4978985680282072,3.74,72.09396021160264,0.0,0,0
scn_000153,HIGH,pulmonary,Aggressive Fluid-First,0.5555682128416521,0.4978985680282072,4.07,72.3860480164852,0.0,1,0
scn_000153,HIGH,pulmonary,Conservative Fluid + Early Antibiotics,0.5467376567871852,0.5042714635972995,4.5,71.11651908587034,0.0,0,0
scn_000138,HIGH,bloodstream,Dual Vasopressor Strategy,0.6494097725614552,0.5919476342613398,3.0,79.49412800310085,0.0,0,1
scn_000138,HIGH,bloodstream,Conservative Fluid + Early Antibiotics,0.6330300532786471,0.595156782531375,3.5,75.62398917321475,0.0,0,0
scn_000138,HIGH,bloodstream,Aggressive Fluid-First,0.6310613654894692,0.5887384859913045,3.5,76.87884926312435,0.0,1,0
scn_000075,MODERATE,pulmonary,Aggressive Fluid-First,0.8115716081789102,0.887779358287009,3.5,77.60266213780324,0.0,1,1
scn_000075,MODERATE,pulmonary,Conservative Fluid + Early Antibiotics,0.8065888631525403,0.8827915441554794,3.5,76.27595777283511,0.0,0,0
scn_000075,MODERATE,pulmonary,Staged Reassessment,0.7980369249933021,0.8670490384945205,3.5,76.87166793105996,0.0,0,0
scn_000141,HIGH,pulmonary,Dual Vasopressor Strategy,0.5768446482424069,0.47950980460351744,3.0,76.09251032019765,0.0,0,1
scn_000141,HIGH,pulmonary,Aggressive Fluid-First,0.5579075518463832,0.4763648097455302,3.53,73.55911066604337,0.0,1,0
scn_000141,HIGH,pulmonary,Conservative Fluid + Early Antibiotics,0.5422617632241786,0.4826547994615048,4.23,72.27925569818385,0.0,0,0
scn_000396,HIGH,skin_soft_tissue,Dual Vasopressor Strategy,0.5436095212915284,0.4216741066535112,3.0,77.07003819961452,0.0,0,1
scn_000396,HIGH,skin_soft_tissue,Conservative Fluid + Early Antibiotics,0.5265677694580975,0.4248760568286037,3.53,73.26142357395682,0.0,0,0
scn_000396,HIGH,skin_soft_tissue,Aggressive Fluid-First,0.525361085022468,0.41847215647841884,3.5,74.51852742361116,0.0,1,0
scn_000117,MODERATE,urinary_tract,Colloid-Based Resuscitation,0.8265214434487076,0.8969311411069804,3.0,75.57517252301295,0.0,0,1
scn_000117,MODERATE,urinary_tract,Conservative Fluid + Early Antibiotics,0.8163550665248487,0.9032517433289793,3.5,74.6026803516408,0.0,0,0
scn_000117,MODERATE,urinary_tract,Aggressive Fluid-First,0.8144577743005832,0.8969311411069804,3.5,75.8660597575967,0.0,1,0
scn_000117,MODERATE,urinary_tract,Staged Reassessment,0.8077355582413657,0.8874502377739819,3.5,75.1769437179844,0.0,0,0
scn_000189,HIGH,bloodstream,Dual Vasopressor Strategy,0.5607348744008471,0.44918955783498504,3.0,77.48075979990413,0.0,0,1
scn_000189,HIGH,bloodstream,Conservative Fluid + Early Antibiotics,0.5440960333183049,0.45232612514643206,3.51,73.63357215363042,0.0,0,0
scn_000189,HIGH,bloodstream,Aggressive Fluid-First,0.5425107715383211,0.4460529905235381,3.5,74.91931814946545,0.0,1,0
scn_000249,CRITICAL,skin_soft_tissue,Dual Vasopressor Strategy,0.476571839890673,0.311871837968956,3.0,76.29915807286625,0.0,0,1
scn_000249,CRITICAL,skin_soft_tissue,Early Vasopressor + Fluids,0.4741913159966485,0.311871837968956,3.0,74.71214214351659,0.0,0,0
scn_000249,CRITICAL,skin_soft_tissue,Colloid-Based Resuscitation,0.46996242578483943,0.30866468433819394,3.02,73.50907678794876,0.0,0,0
scn_000249,CRITICAL,skin_soft_tissue,Aggressive Fluid-First,0.45790936609505717,0.30866468433819394,3.52,73.80703699476054,0.0,1,0
scn_000249,CRITICAL,skin_soft_tissue,Conservative Fluid + Early Antibiotics,0.44863269580533915,0.315078991599718,3.97,72.55686723033895,0.0,0,0
scn_000390,MODERATE,intra_abdominal,Colloid-Based Resuscitation,0.8067216359827942,0.8611553370119464,3.0,76.68562251708427,0.0,0,1
scn_000390,MODERATE,intra_abdominal,Aggressive Fluid-First,0.8025583470308486,0.8741571667919967,3.5,77.04269797043374,0.0,1,0
scn_000390,MODERATE,intra_abdominal,Conservative Fluid + Early Antibiotics,0.7927646596533234,0.8612104546582399,3.5,75.69225790558639,0.0,0,0
scn_000390,MODERATE,intra_abdominal,Staged Reassessment,0.7843461187936137,0.8456706527789781,3.5,76.29581808415124,0.0,0,0
scn_000279,CRITICAL,skin_soft_tissue,Dual Vasopressor Strategy,0.5194905388539224,0.3801417467849182,3.0,77.60366052198097,0.0,0,1
scn_000279,CRITICAL,skin_soft_tissue,Early Vasopressor + Fluids,0.5170871672317435,0.3801417467849182,3.0,76.00141277386174,0.0,0,0
scn_000279,CRITICAL,skin_soft_tissue,Colloid-Based Resuscitation,0.5134137183281582,0.3769801218695257,3.0,74.81709680429518,0.0,0,0
scn_000279,CRITICAL,skin_soft_tissue,Conservative Fluid + Early Antibiotics,0.503265645253322,0.38330337170031087,3.5,73.85574815542361,0.0,0,0
scn_000279,CRITICAL,skin_soft_tissue,Aggressive Fluid-First,0.5012649710269031,0.3769801218695257,3.5,75.05126527012516,0.0,1,0
scn_000152,HIGH,bloodstream,Dual Vasopressor Strategy,0.5720721745084868,0.46190406699444303,3.0,79.9531562078807,0.0,0,1
scn_000152,HIGH,bloodstream,Conservative Fluid + Early Antibiotics,0.5557220221999153,0.46511206875745464,3.5,76.10318729696166,0.0,0,0
scn_000152,HIGH,bloodstream,Aggressive Fluid-First,0.5537311330022727,0.4586960652314314,3.5,77.34232924227594,0.0,1,0
scn_000404,HIGH,bloodstream,Dual Vasopressor Strategy,0.606573770492106,0.5161944312015132,3.0,81.23807451413211,0.0,0,1
scn_000404,HIGH,bloodstream,Conservative Fluid + Early Antibiotics,0.5749368555427135,0.4938706004436584,3.5,77.40966351767891,0.0,0,0
scn_000404,HIGH,bloodstream,Aggressive Fluid-First,0.5730063340015756,0.4875182619593682,3.5,78.66358455063647,0.0,1,0
scn_000229,CRITICAL,skin_soft_tissue,Dual Vasopressor Strategy,0.5225072520890239,0.38103394992586714,3.0,79.2579214223358,0.0,0,1
scn_000229,CRITICAL,skin_soft_tissue,Early Vasopressor + Fluids,0.5201067766159228,0.38103394992586714,3.0,77.65760444026836,0.0,0,0
scn_000229,CRITICAL,skin_soft_tissue,Colloid-Based Resuscitation,0.5163403721546984,0.37784884598044954,3.0,76.42070971095244,0.0,0,0
scn_000229,CRITICAL,skin_soft_tissue,Conservative Fluid + Early Antibiotics,0.5062222116053388,0.38421905387128474,3.5,75.46051952171197,0.0,0,0
scn_000229,CRITICAL,skin_soft_tissue,Aggressive Fluid-First,0.5043694210612512,0.37784884598044954,3.5,76.77340898198763,0.0,1,0
scn_000457,CRITICAL,urinary_tract,Dual Vasopressor Strategy,0.45716162012216494,0.27212275762401034,3.0,79.25864369850584,0.0,0,1
scn_000457,CRITICAL,urinary_tract,Early Vasopressor + Fluids,0.4547496767354938,0.27212275762401034,3.0,77.65068144072511,0.0,0,0
scn_000457,CRITICAL,urinary_tract,Colloid-Based Resuscitation,0.4509726001838294,0.26890900084443115,3.0,76.41813311811381,0.0,0,0
scn_000457,CRITICAL,urinary_tract,Conservative Fluid + Early Antibiotics,0.44088194228732175,0.2753365144035895,3.5,75.45335576344537,0.0,0,0
scn_000457,CRITICAL,urinary_tract,Aggressive Fluid-First,0.4389703334361733,0.26890900084443115,3.5,76.74995528634312,0.0,1,0
scn_000297,CRITICAL,intra_abdominal,Dual Vasopressor Strategy,0.523226216979738,0.39991637771298305,3.1,73.85092690129883,0.0,0,1
scn_000297,CRITICAL,intra_abdominal,Early Vasopressor + Fluids,0.5073331553707805,0.39991637771298305,3.64,72.25555249532708,0.0,0,0
scn_000297,CRITICAL,intra_abdominal,Colloid-Based Resuscitation,0.48980323610733234,0.3887606835626415,4.0,71.03121731316496,0.0,0,0
scn_000297,CRITICAL,intra_abdominal,Aggressive Fluid-First,0.47951052980481296,0.3887606835626415,4.43,71.33607977815205,0.0,1,0
scn_000297,CRITICAL,intra_abdominal,Conservative Fluid + Early Antibiotics,0.4422773638935103,0.33307207186332477,4.5,69.95608051701026,0.0,0,0
scn_000130,MODERATE,skin_soft_tissue,Aggressive Fluid-First,0.810130182927142,0.8878710939997408,3.5,76.605017684865,0.0,1,1
scn_000130,MODERATE,skin_soft_tissue,Colloid-Based Resuscitation,0.8042516313777429,0.8579962879760159,3.0,76.30257239475559,0.0,0,0
scn_000130,MODERATE,skin_soft_tissue,Conservative Fluid + Early Antibiotics,0.7772653339983471,0.8364322735945632,3.5,75.27064656107282,0.0,0,0
scn_000130,MODERATE,skin_soft_tissue,Staged Reassessment,0.7757074842942657,0.8324153154414138,3.5,75.83886335294497,0.0,0,0
scn_000351,MODERATE,bloodstream,Aggressive Fluid-First,0.8046790289602093,0.8775622950482304,3.5,77.09443462084735,0.0,1,1
scn_000351,MODERATE,bloodstream,Conservative Fluid + Early Antibiotics,0.8041115391551855,0.880917013699486,3.5,75.37422062366262,0.0,0,0
scn_000351,MODERATE,bloodstream,Staged Reassessment,0.7956326256911042,0.865030217071347,3.5,76.07633029886404,0.0,0,0
scn_000361,MODERATE,skin_soft_tissue,Conservative Fluid + Early Antibiotics,0.6513877644509939,0.6341546369816996,3.55,73.09665484131611,0.0,0,1
scn_000361,MODERATE,skin_soft_tissue,Aggressive Fluid-First,0.6513676884265409,0.6292877325210996,3.51,74.36336594258745,0.0,1,0
scn_000361,MODERATE,skin_soft_tissue,Staged Reassessment,0.6437008502467775,0.6182373758301997,3.51,73.67228316577182,0.0,0,0
scn_000398,HIGH,pulmonary,Dual Vasopressor Strategy,0.6320159933105614,0.5615999246259663,3.0,80.03735902332105,0.0,0,1
scn_000398,HIGH,pulmonary,Early Vasopressor + Fluids,0.6296325430714951,0.5615999246259663,3.0,78.44839219727687,0.0,0,0
scn_000398,HIGH,pulmonary,Colloid-Based Resuscitation,0.6258739348933906,0.5583999266094934,3.0,77.22265261846303,0.0,0,0
scn_000398,HIGH,pulmonary,Conservative Fluid + Early Antibiotics,0.6157838623697184,0.5647999226424392,3.5,76.26927252283656,0.0,0,0
scn_000398,HIGH,pulmonary,Aggressive Fluid-First,0.6138913691496584,0.5583999266094934,3.5,77.56760878930818,0.0,1,0
scn_000383,MODERATE,bloodstream,Colloid-Based Resuscitation,0.8444310872192282,0.9243020644651581,3.0,76.56656569342232,0.0,0,1
scn_000383,MODERATE,bloodstream,Aggressive Fluid-First,0.8427842483415481,0.9413692922839832,3.5,76.9751153141055,0.0,1,0
scn_000383,MODERATE,bloodstream,Conservative Fluid + Early Antibiotics,0.8299550623783417,0.9234111093586569,3.5,75.6055978420984,0.0,0,0
scn_000383,MODERATE,bloodstream,Staged Reassessment,0.8218133746948776,0.9083484508363797,3.5,76.2028694620332,0.0,0,0
scn_000129,MODERATE,skin_soft_tissue,Aggressive Fluid-First,0.7151186431761665,0.7353158323597085,3.5,74.28609584022756,0.0,1,1
scn_000129,MODERATE,skin_soft_tissue,Conservative Fluid + Early Antibiotics,0.6726181391201369,0.6741031746494224,3.65,72.93748955365561,0.0,0,0
scn_000129,MODERATE,skin_soft_tissue,Staged Reassessment,0.6706508713437377,0.6643848189251375,3.53,73.51331999243675,0.0,0,0
scn_000357,MODERATE,pulmonary,Colloid-Based Resuscitation,0.8355197072973448,0.9081009312013673,3.0,77.10609905101643,0.0,0,1
scn_000357,MODERATE,pulmonary,Conservative Fluid + Early Antibiotics,0.8249321185903682,0.9144847653203604,3.5,75.82750626543466,0.0,0,0
scn_000357,MODERATE,pulmonary,Aggressive Fluid-First,0.8236535922013604,0.9081009312013673,3.5,77.52868898702673,0.0,1,0
scn_000357,MODERATE,pulmonary,Staged Reassessment,0.8164053263337934,0.8985251800228782,3.5,76.52681221337767,0.0,0,0
scn_000328,LOW,intra_abdominal,Aggressive Fluid-First,0.8819498459092127,0.9899999999999999,3.5,83.63323060614188,0.0,1,1
scn_000328,LOW,intra_abdominal,Staged Reassessment,0.880595970967747,0.9899999999999999,3.5,82.73064731183142,0.0,0,0
scn_000328,LOW,intra_abdominal,Conservative Fluid + Early Antibiotics,0.8796085869911856,0.9899999999999999,3.5,82.07239132745718,0.0,0,0
scn_000308,LOW,bloodstream,Aggressive Fluid-First,0.8840903474273231,0.9899999999999999,3.5,85.06023161821548,0.0,1,1
scn_000308,LOW,bloodstream,Staged Reassessment,0.8826527611075656,0.9899999999999999,3.5,84.10184073837716,0.0,0,0
scn_000308,LOW,bloodstream,Conservative Fluid + Early Antibiotics,0.8816364500881577,0.9899999999999999,3.5,83.42430005877195,0.0,0,0
scn_000087,MODERATE,urinary_tract,Conservative Fluid + Early Antibiotics,0.7733060672801759,0.8251235552732443,3.5,77.15462274415295,0.0,0,1
scn_000087,MODERATE,urinary_tract,Aggressive Fluid-First,0.7719701065928282,0.8187069626951291,3.5,78.83061931716713,0.0,1,0
scn_000087,MODERATE,urinary_tract,Staged Reassessment,0.7647042122150474,0.8090820738279568,3.5,77.83664527884889,0.0,0,0
scn_000096,MODERATE,skin_soft_tissue,Aggressive Fluid-First,0.8815492140582456,0.9899999999999999,3.5,83.36614270549715,0.0,1,1
scn_000096,MODERATE,skin_soft_tissue,Staged Reassessment,0.8799567469509206,0.9897900921735618,3.5,82.38846109785577,0.0,0,0
scn_000096,MODERATE,skin_soft_tissue,Conservative Fluid + Early Antibiotics,0.8790417713976759,0.9899999999999999,3.5,81.69451426511736,0.0,0,0
scn_000359,MODERATE,pulmonary,Colloid-Based Resuscitation,0.8734495909056429,0.9751717039308855,3.0,75.56437903140777,0.0,0,1
scn_000359,MODERATE,pulmonary,Aggressive Fluid-First,0.8635100931618451,0.9781717039308855,3.5,76.07138053554259,0.0,1,0
scn_000359,MODERATE,pulmonary,Staged Reassessment,0.8397627294078753,0.9412287309758486,3.5,75.01699388157748,0.0,0,0
scn_000359,MODERATE,pulmonary,Conservative Fluid + Early Antibiotics,0.8198342555369502,0.9098144566110846,3.5,74.29705438019964,0.0,0,0
scn_000306,LOW,pulmonary,Aggressive Fluid-First,0.8825827617657409,0.9899999999999999,3.5,84.05517451049401,0.0,1,1
scn_000306,LOW,pulmonary,Staged Reassessment,0.8812225579680987,0.9899999999999999,3.5,83.14837197873256,0.0,0,0
scn_000306,LOW,pulmonary,Conservative Fluid + Early Antibiotics,0.8802366887583348,0.9899999999999999,3.5,82.49112583888999,0.0,0,0
scn_000093,MODERATE,pulmonary,Aggressive Fluid-First,0.744461995714121,0.7887836780540048,3.56,73.4611925878121,0.0,1,1
scn_000093,MODERATE,pulmonary,Staged Reassessment,0.7306304010940464,0.7791525690225991,3.84,72.7592397869913,0.0,0,0
scn_000093,MODERATE,pulmonary,Conservative Fluid + Early Antibiotics,0.727384069124426,0.7952044174082752,4.32,72.17427911964066,0.0,0,0
scn_000162,HIGH,urinary_tract,Dual Vasopressor Strategy,0.5973311217708865,0.5081518119363617,3.0,78.2933564060464,0.0,0,1
scn_000162,HIGH,urinary_tract,Colloid-Based Resuscitation,0.5911947441537935,0.5050425537275101,3.0,75.4461412781916,0.0,0,0
scn_000162,HIGH,urinary_tract,Conservative Fluid + Early Antibiotics,0.5809896372712768,0.5112610701452133,3.5,74.48866345609929,0.0,0,0
scn_000162,HIGH,urinary_tract,Aggressive Fluid-First,0.579281758112465,0.5050425537275101,3.5,75.83748391730595,0.0,1,0
scn_000003,LOW,pulmonary,Aggressive Fluid-First,0.8762980315607447,0.9899999999999999,3.5,79.86535437382987,0.0,1,1
scn_000003,LOW,pulmonary,Staged Reassessment,0.8748881179161582,0.9899999999999999,3.5,78.92541194410556,0.0,0,0
scn_000003,LOW,pulmonary,Conservative Fluid + Early Antibiotics,0.8738838789347708,0.9899999999999999,3.5,78.2559192898473,0.0,0,0
scn_000010,LOW,pulmonary,Aggressive Fluid-First,0.8840510658581311,0.9899999999999999,3.5,85.03404390542086,0.0,1,1
scn_000010,LOW,pulmonary,Staged Reassessment,0.8827653051836882,0.9899999999999999,3.5,84.17687012245894,0.0,0,0
scn_000010,LOW,pulmonary,Conservative Fluid + Early Antibiotics,0.8818362118190175,0.9899999999999999,3.5,83.55747454601173,0.0,0,0
scn_000194,HIGH,intra_abdominal,Dual Vasopressor Strategy,0.5842788533975626,0.4912038917669052,3.0,76.37101222494631,0.0,0,1
scn_000194,HIGH,intra_abdominal,Colloid-Based Resuscitation,0.577609084668718,0.48801431566777626,3.02,73.53366351203485,0.0,0,0
scn_000194,HIGH,intra_abdominal,Aggressive Fluid-First,0.5648902460845674,0.48801431566777626,3.54,73.72110445593442,0.0,1,0
scn_000194,HIGH,intra_abdominal,Conservative Fluid + Early Antibiotics,0.5554558005523318,0.4943934678660344,4.0,72.54647988847415,0.0,0,0
scn_000047,LOW,urinary_tract,Aggressive Fluid-First,0.8823269522849024,0.9899999999999999,3.5,83.88463485660175,0.0,1,1
scn_000047,LOW,urinary_tract,Staged Reassessment,0.881016354479593,0.9899999999999999,3.5,83.01090298639545,0.0,0,0
scn_000047,LOW,urinary_tract,Conservative Fluid + Early Antibiotics,0.8800579824046347,0.9899999999999999,3.5,82.37198826975663,0.0,0,0
scn_000347,MODERATE,skin_soft_tissue,Conservative Fluid + Early Antibiotics,0.817809452692289,0.8853550447601102,3.5,82.73095055748198,0.0,0,1
scn_000347,MODERATE,skin_soft_tissue,Aggressive Fluid-First,0.8163728241110281,0.8789265809262586,3.5,84.34458370351526,0.0,1,0
scn_000347,MODERATE,skin_soft_tissue,Staged Reassessment,0.8091637440336898,0.869283885175481,3.5,83.3956086189342,0.0,0,0
scn_000072,MODERATE,skin_soft_tissue,Colloid-Based Resuscitation,0.8107401594470981,0.8661068009774232,3.0,77.3840525737628,0.0,0,1
scn_000072,MODERATE,skin_soft_tissue,Conservative Fluid + Early Antibiotics,0.7991409412552877,0.8708828442735004,3.5,76.07415646079161,0.0,0,0
scn_000072,MODERATE,skin_soft_tissue,Aggressive Fluid-First,0.7987670376876504,0.8661068009774232,3.5,77.73530473413108,0.0,1,0
scn_000072,MODERATE,skin_soft_tissue,Staged Reassessment,0.790741179797104,0.8551927360333079,3.5,76.75035878474624,0.0,0,0
scn_000127,MODERATE,pulmonary,Conservative Fluid + Early Antibiotics,0.731403632224817,0.7658461459740848,3.52,73.26396309357739,0.0,0,1
scn_000127,MODERATE,pulmonary,Aggressive Fluid-First,0.7298961945136127,0.7593924974625931,3.5,74.50713069070459,0.0,1,0
scn_000127,MODERATE,pulmonary,Staged Reassessment,0.7228207737283482,0.7497120246953558,3.51,73.82903927408977,0.0,0,0
scn_000155,HIGH,skin_soft_tissue,Dual Vasopressor Strategy,0.5757006003589108,0.46122784323998817,3.0,82.64259627661195,0.0,0,1
scn_000155,HIGH,skin_soft_tissue,Colloid-Based Resuscitation,0.5567607158503213,0.43706395262840964,3.0,79.68156284885035,0.0,0,0
scn_000155,HIGH,skin_soft_tissue,Conservative Fluid + Early Antibiotics,0.5465724612397402,0.4433917338515668,3.5,78.6916139525334,0.0,0,0
scn_000155,HIGH,skin_soft_tissue,Aggressive Fluid-First,0.5447695960626544,0.43706395262840964,3.5,80.02081632373913,0.0,1,0
scn_000415,HIGH,urinary_tract,Dual Vasopressor Strategy,0.5792440324736133,0.4739105838579124,3.0,79.93178810591061,0.0,0,1
scn_000415,HIGH,urinary_tract,Conservative Fluid + Early Antibiotics,0.5312257800444332,0.4246055992225943,3.5,75.97494700725115,0.0,0,0
scn_000415,HIGH,urinary_tract,Aggressive Fluid-First,0.5293507774293866,0.41821556849323044,3.5,77.28095755563228,0.0,1,0
scn_000428,HIGH,skin_soft_tissue,Dual Vasopressor Strategy,0.6078730834083295,0.5219141521102455,3.0,79.81639476145482,0.0,0,1
scn_000428,HIGH,skin_soft_tissue,Early Vasopressor + Fluids,0.6054122718143787,0.5219141521102455,3.0,78.175853698821,0.0,0,0
scn_000428,HIGH,skin_soft_tissue,Conservative Fluid + Early Antibiotics,0.5915123680634623,0.5251224192710415,3.5,75.95927766722495,0.0,0,0
scn_000428,HIGH,skin_soft_tissue,Aggressive Fluid-First,0.5895633628680825,0.5187058849494497,3.5,77.22655459894185,0.0,1,0
scn_000036,LOW,bloodstream,Aggressive Fluid-First,0.8891413766898647,0.9899999999999999,3.5,88.42758445990994,0.0,1,1
scn_000036,LOW,bloodstream,Staged Reassessment,0.8877996507652218,0.9899999999999999,3.5,87.533100510148,0.0,0,0
scn_000036,LOW,bloodstream,Conservative Fluid + Early Antibiotics,0.8867971574200768,0.9899999999999999,3.5,86.86477161338469,0.0,0,0
scn_000011,LOW,intra_abdominal,Aggressive Fluid-First,0.8830841210944103,0.9899999999999999,3.5,84.38941406294023,0.0,1,1
scn_000011,LOW,intra_abdominal,Staged Reassessment,0.8817480731264324,0.9899999999999999,3.5,83.49871541762177,0.0,0,0
scn_000011,LOW,intra_abdominal,Conservative Fluid + Early Antibiotics,0.8807794983951471,0.9899999999999999,3.5,82.8529989300982,0.0,0,0
scn_000258,CRITICAL,skin_soft_tissue,Dual Vasopressor Strategy,0.5029921569873165,0.35154665934457485,3.0,78.04277425371441,0.0,0,1
scn_000258,CRITICAL,skin_soft_tissue,Early Vasopressor + Fluids,0.5005178259624192,0.35154665934457485,3.0,76.39322023711625,0.0,0,0
scn_000258,CRITICAL,skin_soft_tissue,Colloid-Based Resuscitation,0.49672854633804214,0.34834806304603333,3.0,75.14647234028145,0.0,0,0
scn_000258,CRITICAL,skin_soft_tissue,Conservative Fluid + Early Antibiotics,0.48658226328135357,0.3547452556431162,3.5,74.15673993032256,0.0,1,0
scn_000258,CRITICAL,skin_soft_tissue,Aggressive Fluid-First,0.48468080448074913,0.34834806304603333,3.5,75.44797776875275,0.0,0,0
scn_000086,MODERATE,urinary_tract,Colloid-Based Resuscitation,0.8077033771792839,0.860346728092112,3.0,77.6635602160112,0.0,0,1
scn_000086,MODERATE,urinary_tract,Conservative Fluid + Early Antibiotics,0.7972061528127872,0.8668519566376315,3.5,76.39665255347222,0.0,0,0
scn_000086,MODERATE,urinary_tract,Aggressive Fluid-First,0.7958819251195411,0.860346728092112,3.5,78.11592550951599,0.0,1,0
scn_000086,MODERATE,urinary_tract,Staged Reassessment,0.7885008712370443,0.8505888852738327,3.5,77.09836004849645,0.0,0,0
scn_000348,MODERATE,pulmonary,Aggressive Fluid-First,0.802296438730715,0.881125030226151,3.51,74.24761373001633,0.0,1,1
scn_000348,MODERATE,pulmonary,Conservative Fluid + Early Antibiotics,0.7997710182380354,0.8843177115843953,3.61,72.95359419159884,0.0,0,0
scn_000348,MODERATE,pulmonary,Staged Reassessment,0.7935875868896485,0.8683795434325497,3.51,73.53990722007912,0.0,0,0
scn_000024,LOW,urinary_tract,Aggressive Fluid-First,0.8821437228848369,0.9899999999999999,3.5,83.76248192322471,0.0,1,1
scn_000024,LOW,urinary_tract,Staged Reassessment,0.8807826458941714,0.9899999999999999,3.5,82.85509726278104,0.0,0,0
scn_000024,LOW,urinary_tract,Conservative Fluid + Early Antibiotics,0.8798045652182507,0.9899999999999999,3.5,82.20304347883389,0.0,0,0
scn_000107,MODERATE,urinary_tract,Colloid-Based Resuscitation,0.887665119669996,0.9893620830456678,3.0,79.3652465617302,0.0,0,1
scn_000107,MODERATE,urinary_tract,Aggressive Fluid-First,0.8751167892355628,0.9880806325367718,3.5,79.84560647566656,0.0,1,0
scn_000107,MODERATE,urinary_tract,Staged Reassessment,0.8691468034907284,0.9807988895281632,3.5,78.7783131825537,0.0,0,0
scn_000107,MODERATE,urinary_tract,Conservative Fluid + Early Antibiotics,0.8620606010211868,0.970796163760817,3.5,78.05526850979774,0.0,0,0
scn_000332,LOW,intra_abdominal,Aggressive Fluid-First,0.8742582154106193,0.9899999999999999,3.5,78.50547694041296,0.0,1,1
scn_000332,LOW,intra_abdominal,Staged Reassessment,0.8728780329796979,0.9899999999999999,3.5,77.5853553197987,0.0,0,0
scn_000332,LOW,intra_abdominal,Conservative Fluid + Early Antibiotics,0.8718803834466098,0.9899999999999999,3.5,76.92025563107335,0.0,0,0
scn_000310,LOW,intra_abdominal,Aggressive Fluid-First,0.8904207286194732,0.9899999999999999,3.5,89.28048574631559,0.0,1,1
scn_000310,LOW,intra_abdominal,Staged Reassessment,0.8891820319211672,0.9899999999999999,3.5,88.45468794744494,0.0,0,0
scn_000310,LOW,intra_abdominal,Conservative Fluid + Early Antibiotics,0.888251926322329,0.9899999999999999,3.5,87.83461754821943,0.0,0,0
scn_000327,LOW,bloodstream,Aggressive Fluid-First,0.8782709059958798,0.9899999999999999,3.5,81.18060399725329,0.0,1,1
scn_000327,LOW,bloodstream,Staged Reassessment,0.8768367534029343,0.9899999999999999,3.5,80.22450226862297,0.0,0,0
scn_000327,LOW,bloodstream,Conservative Fluid + Early Antibiotics,0.8758046058792566,0.9899999999999999,3.5,79.5364039195045,0.0,0,0
scn_000218,HIGH,pulmonary,Dual Vasopressor Strategy,0.6101129277852652,0.5331576880656095,3.0,76.81220996393303,0.0,0,1
scn_000218,HIGH,pulmonary,Aggressive Fluid-First,0.5918269187771503,0.5299166962744092,3.5,74.2512673416699,0.0,1,0
scn_000218,HIGH,pulmonary,Conservative Fluid + Early Antibiotics,0.5902882699889289,0.5363986798568098,3.64,72.96604138322871,0.0,0,0
scn_000180,HIGH,intra_abdominal,Dual Vasopressor Strategy,0.570691741383565,0.47018071377331244,3.0,75.72220874638506,0.0,0,1
scn_000180,HIGH,intra_abdominal,Aggressive Fluid-First,0.5489893461860429,0.46701806341085683,3.64,73.18567209301926,0.0,1,0
scn_000180,HIGH,intra_abdominal,Conservative Fluid + Early Antibiotics,0.5316433948649668,0.47334336413576805,4.41,71.92491758900397,0.0,0,0
scn_000288,CRITICAL,bloodstream,Dual Vasopressor Strategy,0.512941645778953,0.37168135248979417,3.0,76.62188952338437,0.0,0,1
scn_000288,CRITICAL,bloodstream,Early Vasopressor + Fluids,0.5106001848061703,0.37168135248979417,3.0,75.06091554152923,0.0,0,0
scn_000288,CRITICAL,bloodstream,Colloid-Based Resuscitation,0.5063561654484844,0.3684792116347996,3.02,73.84575897840308,0.0,0,0
scn_000288,CRITICAL,bloodstream,Aggressive Fluid-First,0.49490081986708223,0.3684792116347996,3.5,74.20886192413502,0.0,1,0
scn_000288,CRITICAL,bloodstream,Conservative Fluid + Early Antibiotics,0.49279385789080826,0.3748834933447888,3.66,72.90917458928999,0.0,0,0
scn_000459,CRITICAL,bloodstream,Dual Vasopressor Strategy,0.50815916196458,0.35971426856092237,3.0,78.22040055201772,0.0,0,1
scn_000459,CRITICAL,bloodstream,Early Vasopressor + Fluids,0.5057607936221304,0.35971426856092237,3.0,76.62148832371803,0.0,0,0
scn_000459,CRITICAL,bloodstream,Colloid-Based Resuscitation,0.5020327223918574,0.356563893072477,3.0,75.39625769891416,0.0,0,0
scn_000459,CRITICAL,bloodstream,Conservative Fluid + Early Antibiotics,0.49187415197252204,0.3628646440493676,3.5,74.43691036193434,0.0,0,0
scn_000459,CRITICAL,bloodstream,Aggressive Fluid-First,0.4900263983068848,0.356563893072477,3.5,75.7253749755991,0.0,1,0
scn_000319,LOW,urinary_tract,Aggressive Fluid-First,0.8807576790320041,0.9899999999999999,3.5,82.83845268800282,0.0,1,1
scn_000319,LOW,urinary_tract,Staged Reassessment,0.8793893131517119,0.9899999999999999,3.5,81.92620876780806,0.0,0,0
scn_000319,LOW,urinary_tract,Conservative Fluid + Early Antibiotics,0.8784040818972464,0.9899999999999999,3.5,81.26938793149769,0.0,0,0
scn_000472,CRITICAL,urinary_tract,Dual Vasopressor Strategy,0.47283924864380183,0.3005939165950295,3.0,78.3219324578561,0.0,0,1
scn_000472,CRITICAL,urinary_tract,Early Vasopressor + Fluids,0.4705418719340852,0.3005939165950295,3.0,76.79034798471166,0.0,0,0
scn_000472,CRITICAL,urinary_tract,Colloid-Based Resuscitation,0.46685521725843404,0.2974203924741077,3.0,75.60198784931296,0.0,0,0
scn_000472,CRITICAL,urinary_tract,Conservative Fluid + Early Antibiotics,0.4567850201777102,0.3037674407159513,3.5,74.6830371654263,0.0,0,0
scn_000472,CRITICAL,urinary_tract,Aggressive Fluid-First,0.45487668817486915,0.2974203924741077,3.5,75.94963512693636,0.0,1,0
scn_000109,MODERATE,bloodstream,Conservative Fluid + Early Antibiotics,0.8030463226177178,0.8810179634954877,3.5,74.62369634695015,0.0,0,1
scn_000109,MODERATE,bloodstream,Aggressive Fluid-First,0.8012771560820853,0.8748119140854627,3.5,75.92667175387183,0.0,1,0
scn_000109,MODERATE,bloodstream,Staged Reassessment,0.7946256408255815,0.8655028399704253,3.5,75.21595789555091,0.0,0,0
scn_000211,HIGH,skin_soft_tissue,Dual Vasopressor Strategy,0.6139528822161985,0.5308603639083124,3.0,80.29110924747405,0.0,0,1
scn_000211,HIGH,skin_soft_tissue,Early Vasopressor + Fluids,0.6115234283870811,0.5308603639083124,3.0,78.67147336139577,0.0,0,0
scn_000211,HIGH,skin_soft_tissue,Conservative Fluid + Early Antibiotics,0.5976195286320718,0.5340408998006365,3.5,76.46332583445998,0.0,0,0
scn_000211,HIGH,skin_soft_tissue,Aggressive Fluid-First,0.5957449739761127,0.5276798280159883,3.5,77.75805144434648,0.0,1,0
scn_000439,HIGH,pulmonary,Dual Vasopressor Strategy,0.6517533966098128,0.5928131555177398,3.0,80.71033553277931,0.0,0,1
scn_000439,HIGH,pulmonary,Conservative Fluid + Early Antibiotics,0.5619013448011008,0.47450560697873306,3.5,76.46532040924066,0.0,0,0
scn_000439,HIGH,pulmonary,Aggressive Fluid-First,0.5608965755313804,0.4696207040567467,3.5,77.74943539822158,0.0,1,0
scn_000284,CRITICAL,urinary_tract,Dual Vasopressor Strategy,0.5089451221058385,0.360927319875101,3.0,78.25915345385198,0.0,0,1
scn_000284,CRITICAL,urinary_tract,Early Vasopressor + Fluids,0.5065036709279453,0.360927319875101,3.0,76.63151933525653,0.0,0,0
scn_000284,CRITICAL,urinary_tract,Colloid-Based Resuscitation,0.5027629195062187,0.357745021983651,3.0,75.41060421068536,0.0,0,0
scn_000284,CRITICAL,urinary_tract,Conservative Fluid + Early Antibiotics,0.4926168062692227,0.364109617766551,3.5,74.43402373952807,0.0,0,0
scn_000284,CRITICAL,urinary_tract,Aggressive Fluid-First,0.4906785916740215,0.357745021983651,3.5,75.68771898922061,0.0,1,0
scn_000035,LOW,urinary_tract,Aggressive Fluid-First,0.8795284839927199,0.9899999999999999,3.5,82.01898932848002,0.0,1,1
scn_000035,LOW,urinary_tract,Staged Reassessment,0.8782966956382412,0.9899999999999999,3.5,81.19779709216095,0.0,0,0
scn_000035,LOW,urinary_tract,Conservative Fluid + Early Antibiotics,0.8773726395602205,0.9899999999999999,3.5,80.58175970681376,0.0,0,0
scn_000432,HIGH,intra_abdominal,Dual Vasopressor Strategy,0.6666132169567207,0.618233763653418,3.0,80.44863917644669,0.0,0,1
scn_000432,HIGH,intra_abdominal,Conservative Fluid + Early Antibiotics,0.6223390925827915,0.5749372837495605,3.5,76.58448155537013,0.0,0,0
scn_000432,HIGH,intra_abdominal,Aggressive Fluid-First,0.620425434570384,0.5685302435572754,3.5,77.87152562401252,0.0,1,0
scn_000083,MODERATE,bloodstream,Conservative Fluid + Early Antibiotics,0.7512203988649111,0.7739693198921647,3.5,82.89253795307489,0.0,0,1
scn_000083,MODERATE,bloodstream,Aggressive Fluid-First,0.7499173569600692,0.7676119188720537,3.5,84.56680375789136,0.0,1,0
scn_000083,MODERATE,bloodstream,Staged Reassessment,0.7427214889311023,0.7580758173418871,3.5,83.58399901731343,0.0,0,0
scn_000300,CRITICAL,intra_abdominal,Dual Vasopressor Strategy,0.5323991464615081,0.40204182142292505,3.0,77.44936907183545,0.0,0,1
scn_000300,CRITICAL,intra_abdominal,Early Vasopressor + Fluids,0.5299976415957535,0.40204182142292505,3.0,75.84836582799896,0.0,0,0
scn_000300,CRITICAL,intra_abdominal,Colloid-Based Resuscitation,0.5262035505182248,0.3988301945433744,3.0,74.60362252813349,0.0,0,0
scn_000300,CRITICAL,intra_abdominal,Conservative Fluid + Early Antibiotics,0.5161165998542329,0.40525344830247567,3.5,73.64302058183159,0.0,0,0
scn_000300,CRITICAL,intra_abdominal,Aggressive Fluid-First,0.5142569762064639,0.3988301945433744,3.5,74.97257298695952,0.0,1,0
scn_000443,HIGH,urinary_tract,Dual Vasopressor Strategy,0.5463827089104704,0.42892443705179006,3.0,76.01869778626427,0.0,0,1
scn_000443,HIGH,urinary_tract,Aggressive Fluid-First,0.5261750289657756,0.4257948466030588,3.58,73.46541400262689,0.0,1,0
scn_000443,HIGH,urinary_tract,Conservative Fluid + Early Antibiotics,0.5113320066780725,0.43205402750052146,4.25,72.23306011850646,0.0,0,0
scn_000102,MODERATE,pulmonary,Aggressive Fluid-First,0.8732415355584762,0.9831725683102186,3.5,80.55866304823002,0.0,1,1
scn_000102,MODERATE,pulmonary,Conservative Fluid + Early Antibiotics,0.8721936155377492,0.9858046892441596,3.5,78.80720132750231,0.0,0,0
scn_000102,MODERATE,pulmonary,Staged Reassessment,0.868157941462796,0.97731042427518,3.5,79.51445793179208,0.0,0,0
scn_000408,HIGH,pulmonary,Dual Vasopressor Strategy,0.597330796348456,0.5019905201838596,3.0,80.75765615876018,0.0,0,1
scn_000408,HIGH,pulmonary,Conservative Fluid + Early Antibiotics,0.5810420334894105,0.5052007970308032,3.5,76.9477035139524,0.0,0,0
scn_000408,HIGH,pulmonary,Aggressive Fluid-First,0.5791170344278184,0.49878024333691606,3.5,78.23259228377913,0.0,1,0
scn_000119,MODERATE,intra_abdominal,Colloid-Based Resuscitation,0.8235795319787953,0.8817211634963225,3.0,79.69788925400134,0.0,0,1
scn_000119,MODERATE,intra_abdominal,Aggressive Fluid-First,0.8207249755806121,0.8967211634963224,3.5,80.12818498854577,0.0,1,0
scn_000119,MODERATE,intra_abdominal,Staged Reassessment,0.7766955992480091,0.8257978259155395,3.5,79.14460246579036,0.0,0,0
scn_000119,MODERATE,intra_abdominal,Conservative Fluid + Early Antibiotics,0.7617457628502694,0.8025033885501774,3.5,78.495819813442,0.0,0,0
scn_000393,HIGH,urinary_tract,Dual Vasopressor Strategy,0.5610042056823162,0.4496479241512159,3.0,77.4769674610578,0.0,0,1
scn_000393,HIGH,urinary_tract,Colloid-Based Resuscitation,0.5549196610125453,0.4464992945682893,3.0,74.68005618104779,0.0,0,0
scn_000393,HIGH,urinary_tract,Conservative Fluid + Early Antibiotics,0.5447626917278281,0.4527965537341428,3.5,73.72317299156165,0.0,0,0
scn_000393,HIGH,urinary_tract,Aggressive Fluid-First,0.542846142893306,0.4464992945682893,3.5,74.96437743488826,0.0,1,0
scn_000209,HIGH,pulmonary,Dual Vasopressor Strategy,0.5866691256502594,0.4899313415800265,3.0,78.47354713482902,0.0,0,1
scn_000209,HIGH,pulmonary,Colloid-Based Resuscitation,0.5804671463201979,0.48677525364371005,3.0,75.60132942264794,0.0,0,0
scn_000209,HIGH,pulmonary,Conservative Fluid + Early Antibiotics,0.570272122342492,0.4930874295163429,3.5,74.61310975512419,0.0,0,0
scn_000209,HIGH,pulmonary,Aggressive Fluid-First,0.568353843829177,0.48677525364371005,3.5,75.85912776196724,0.0,1,0
scn_000330,LOW,intra_abdominal,Aggressive Fluid-First,0.8792362347940591,0.9899999999999999,3.5,81.82415652937286,0.0,1,1
scn_000330,LOW,intra_abdominal,Staged Reassessment,0.8779234233623864,0.9899999999999999,3.5,80.94894890825766,0.0,0,0
scn_000330,LOW,intra_abdominal,Conservative Fluid + Early Antibiotics,0.8769601401742274,0.9899999999999999,3.5,80.30676011615174,0.0,0,0
scn_000473,CRITICAL,urinary_tract,Dual Vasopressor Strategy,0.51633875426471,0.3824800057494944,3.01,74.73383387667555,0.0,0,1
scn_000473,CRITICAL,urinary_tract,Early Vasopressor + Fluids,0.5079042842448533,0.3824800057494944,3.25,73.11085386343781,0.0,0,0
scn_000473,CRITICAL,urinary_tract,Colloid-Based Resuscitation,0.4893974878241393,0.37925684770345514,3.84,71.89558613471083,0.0,0,0
scn_000473,CRITICAL,urinary_tract,Aggressive Fluid-First,0.48010337055935826,0.3772568477034552,4.18,72.16617462485674,0.0,0,0
scn_000473,CRITICAL,urinary_tract,Conservative Fluid + Early Antibiotics,0.47409690697550777,0.3837031637955337,4.5,70.91667246545838,0.0,1,0
scn_000260,CRITICAL,intra_abdominal,Dual Vasopressor Strategy,0.5324660573766986,0.40058618031132087,3.0,78.07623279327078,0.0,0,1
scn_000260,CRITICAL,intra_abdominal,Early Vasopressor + Fluids,0.5299753052773071,0.40058618031132087,3.0,76.41573139367637,0.0,0,0
scn_000260,CRITICAL,intra_abdominal,Colloid-Based Resuscitation,0.5261943144862683,0.3974128597768125,3.0,75.16439908012053,0.0,0,0
scn_000260,CRITICAL,intra_abdominal,Conservative Fluid + Early Antibiotics,0.5160078478680434,0.40375950084582934,3.5,74.16809824036388,0.0,0,0
scn_000260,CRITICAL,intra_abdominal,Aggressive Fluid-First,0.5141373980139029,0.3974128597768125,3.5,75.4597880985436,0.0,1,0
scn_000333,LOW,skin_soft_tissue,Aggressive Fluid-First,0.8827567766155743,0.9899999999999999,3.5,84.17118441038296,0.0,1,1
scn_000333,LOW,skin_soft_tissue,Staged Reassessment,0.8813730974870718,0.9899999999999999,3.5,83.248731658048,0.0,0,0
scn_000333,LOW,skin_soft_tissue,Conservative Fluid + Early Antibiotics,0.8803812463805478,0.9899999999999999,3.5,82.58749758703199,0.0,0,0
scn_000467,CRITICAL,skin_soft_tissue,Dual Vasopressor Strategy,0.4583328696230785,0.27996808487681774,3.0,76.90134579799191,0.0,0,1
scn_000467,CRITICAL,skin_soft_tissue,Early Vasopressor + Fluids,0.4559152550103153,0.27996808487681774,3.0,75.28960272281645,0.0,0,0
scn_000467,CRITICAL,skin_soft_tissue,Colloid-Based Resuscitation,0.4521875846265363,0.27681103001163837,3.0,74.0673110797022,0.0,0,0
scn_000467,CRITICAL,skin_soft_tissue,Aggressive Fluid-First,0.4401430774219238,0.27681103001163837,3.5,74.37097294329389,0.0,1,0
scn_000467,CRITICAL,skin_soft_tissue,Conservative Fluid + Early Antibiotics,0.44002548169709377,0.28312513974199716,3.58,73.10026523459695,0.0,0,0
scn_000216,HIGH,urinary_tract,Dual Vasopressor Strategy,0.5777986689914947,0.46969103635674864,3.0,80.65603145163033,0.0,0,1
scn_000216,HIGH,urinary_tract,Colloid-Based Resuscitation,0.5716073283942859,0.4665412722420973,3.0,77.78837669935172,0.0,0,0
scn_000216,HIGH,urinary_tract,Conservative Fluid + Early Antibiotics,0.5614268457279633,0.47284080047139987,3.5,76.81491029674896,0.0,0,0
scn_000216,HIGH,urinary_tract,Aggressive Fluid-First,0.55961469817286,0.4665412722420973,3.5,78.12662321840112,0.0,1,0
scn_000282,CRITICAL,bloodstream,Dual Vasopressor Strategy,0.497833807395025,0.3600585683498515,3.14,73.53244425674272,0.0,0,1
scn_000282,CRITICAL,bloodstream,Early Vasopressor + Fluids,0.4786695451350762,0.3600585683498515,3.81,71.92293608344356,0.0,0,0
scn_000282,CRITICAL,bloodstream,Colloid-Based Resuscitation,0.4593775664870022,0.3388991323406449,4.0,70.69205805507684,0.0,0,0
scn_000282,CRITICAL,bloodstream,Aggressive Fluid-First,0.45115855858720116,0.3448991323406449,4.49,70.97938612187619,0.0,1,0
scn_000282,CRITICAL,bloodstream,Conservative Fluid + Early Antibiotics,0.36837893510841113,0.21121800435905808,4.5,69.43208832865086,0.0,0,0
scn_000013,LOW,pulmonary,Aggressive Fluid-First,0.8799565351992245,0.9899999999999999,3.5,82.30435679948305,0.0,1,1
scn_000013,LOW,pulmonary,Staged Reassessment,0.8785649623231321,0.9899999999999999,3.5,81.37664154875486,0.0,0,0
scn_000013,LOW,pulmonary,Conservative Fluid + Early Antibiotics,0.8775735199314291,0.9899999999999999,3.5,80.71567995428613,0.0,0,0
scn_000287,CRITICAL,pulmonary,Dual Vasopressor Strategy,0.4799342236487154,0.32084494144675374,3.0,74.95150585377547,0.0,0,1
scn_000287,CRITICAL,pulmonary,Early Vasopressor + Fluids,0.47301283059063637,0.32084494144675374,3.18,73.33724381505607,0.0,0,0
scn_000287,CRITICAL,pulmonary,Colloid-Based Resuscitation,0.4562485021424192,0.31766481140868125,3.7,72.09974353147366,0.0,0,0
scn_000287,CRITICAL,pulmonary,Aggressive Fluid-First,0.4477485913522842,0.31766481140868125,4.06,72.43313633805029,0.0,1,0
scn_000287,CRITICAL,pulmonary,Conservative Fluid + Early Antibiotics,0.43861182235325874,0.3240250714848261,4.5,71.13118630824204,0.0,0,0
scn_000089,MODERATE,pulmonary,Conservative Fluid + Early Antibiotics,0.7724453263325359,0.8232037233595598,3.5,77.34872821120003,0.0,0,1
scn_000089,MODERATE,pulmonary,Aggressive Fluid-First,0.7710869507065384,0.816885583700095,3.5,78.9704003243209,0.0,1,0
scn_000089,MODERATE,pulmonary,Staged Reassessment,0.7639716921666942,0.8074083742108982,3.5,78.01777842677025,0.0,0,0
scn_000384,MODERATE,pulmonary,Colloid-Based Resuscitation,0.8868722587830316,0.9890883623078719,3.0,78.94616093220569,0.0,0,1
scn_000384,MODERATE,pulmonary,Aggressive Fluid-First,0.8754971068713997,0.9899999999999999,3.5,79.33140458093328,0.0,1,0
scn_000384,MODERATE,pulmonary,Staged Reassessment,0.8678060124706698,0.9797458461633469,3.5,78.30566984844118,0.0,0,0
scn_000384,MODERATE,pulmonary,Conservative Fluid + Early Antibiotics,0.8619790470072091,0.9717494523105035,3.5,77.6195837472714,0.0,0,0
scn_000488,CRITICAL,urinary_tract,Dual Vasopressor Strategy,0.4546636807833393,0.2927429805640698,3.23,73.17859496326497,0.0,0,1
scn_000488,CRITICAL,urinary_tract,Early Vasopressor + Fluids,0.4320463507610743,0.2873875927449965,3.91,71.57586340938427,0.0,0,0
scn_000488,CRITICAL,urinary_tract,Colloid-Based Resuscitation,0.4032783812842359,0.24642086290878795,4.0,70.2839090259754,0.0,0,0
scn_000488,CRITICAL,urinary_tract,Aggressive Fluid-First,0.39932546600630076,0.25988660466450125,4.5,70.59566880506667,0.0,1,0
scn_000488,CRITICAL,urinary_tract,Conservative Fluid + Early Antibiotics,0.30995454370657555,0.11538714296458213,4.5,68.81483861855082,0.0,0,0
scn_000266,CRITICAL,pulmonary,Dual Vasopressor Strategy,0.45077946197487184,0.2715925059149306,3.0,75.21597228394234,0.0,0,1
scn_000266,CRITICAL,pulmonary,Early Vasopressor + Fluids,0.44637704791331323,0.2715925059149306,3.08,73.61436290956995,0.0,0,0
scn_000266,CRITICAL,pulmonary,Colloid-Based Resuscitation,0.4283739618692696,0.26839270312769564,3.65,72.39222666176815,0.0,0,0
scn_000266,CRITICAL,pulmonary,Aggressive Fluid-First,0.4231014386759088,0.26839270312769564,3.88,72.71054453286096,0.0,1,0
scn_000266,CRITICAL,pulmonary,Conservative Fluid + Early Antibiotics,0.40952227677701647,0.27479230870216564,4.5,71.43126103714472,0.0,0,0
scn_000094,MODERATE,pulmonary,Colloid-Based Resuscitation,0.7734234452185508,0.8113704038463001,3.0,74.40080194051384,0.0,0,1
scn_000094,MODERATE,pulmonary,Aggressive Fluid-First,0.7732791038106472,0.8308704038463,3.5,74.83790766857817,0.0,1,0
scn_000094,MODERATE,pulmonary,Staged Reassessment,0.723928467119355,0.7508538846155188,3.5,73.94409090002915,0.0,0,0
scn_000094,MODERATE,pulmonary,Conservative Fluid + Early Antibiotics,0.7159600683336992,0.7412147500001539,3.55,73.32081222240457,0.0,0,0
scn_000009,LOW,urinary_tract,Aggressive Fluid-First,0.8864628710978115,0.9899999999999999,3.5,86.6419140652078,0.0,1,1
scn_000009,LOW,urinary_tract,Staged Reassessment,0.8851281863293861,0.9899999999999999,3.5,85.75212421959078,0.0,0,0
scn_000009,LOW,urinary_tract,Conservative Fluid + Early Antibiotics,0.8841218537258292,0.9899999999999999,3.5,85.08123581721956,0.0,0,0
scn_000273,CRITICAL,pulmonary,Dual Vasopressor Strategy,0.5420959896779587,0.42005716801389914,3.0,76.70779257974617,0.0,0,1
scn_000273,CRITICAL,pulmonary,Early Vasopressor + Fluids,0.5396507068696091,0.42005716801389914,3.0,75.07760404084645,0.0,0,0
scn_000273,CRITICAL,pulmonary,Colloid-Based Resuscitation,0.5357016741031229,0.4168977688556387,3.01,73.87534185982643,0.0,0,0
scn_000273,CRITICAL,pulmonary,Aggressive Fluid-First,0.5238001207441316,0.4168977688556387,3.5,74.1076396204989,0.0,1,0
scn_000273,CRITICAL,pulmonary,Conservative Fluid + Early Antibiotics,0.5220257834080257,0.4232165671721596,3.65,72.89722873648662,0.0,0,0
scn_000122,MODERATE,bloodstream,Conservative Fluid + Early Antibiotics,0.8364584096254986,0.9232968626255151,3.5,79.98686136679306,0.0,0,1
scn_000122,MODERATE,bloodstream,Aggressive Fluid-First,0.8353254692713539,0.9169739465934376,3.5,81.76073421019424,0.0,1,0
scn_000122,MODERATE,bloodstream,Staged Reassessment,0.8280438087854871,0.907489572545321,3.5,80.70004350552968,0.0,0,0
scn_000280,CRITICAL,intra_abdominal,Dual Vasopressor Strategy,0.4732934693272972,0.3516621655840985,3.81,71.6974466512254,0.0,0,1
scn_000280,CRITICAL,intra_abdominal,Early Vasopressor + Fluids,0.42387096481553954,0.28166216558409846,4.0,69.91577697672032,0.0,0,0
scn_000280,CRITICAL,intra_abdominal,Aggressive Fluid-First,0.3522675988756562,0.18651316122662223,4.5,68.57313475978857,0.0,1,0
scn_000280,CRITICAL,intra_abdominal,Colloid-Based Resuscitation,0.34801333756238095,0.1605131612266222,4.0,67.80362721760511,0.0,0,0
scn_000280,CRITICAL,intra_abdominal,Conservative Fluid + Early Antibiotics,0.3340637942116158,0.16281116994157474,4.5,65.91806149778064,0.0,0,0
scn_000054,LOW,bloodstream,Aggressive Fluid-First,0.8852576476688274,0.9899999999999999,3.5,85.83843177921842,0.0,1,1
scn_000054,LOW,bloodstream,Staged Reassessment,0.883932422275994,0.9899999999999999,3.5,84.95494818399611,0.0,0,0
scn_000054,LOW,bloodstream,Conservative Fluid + Early Antibiotics,0.8829550679619711,0.9899999999999999,3.5,84.3033786413142,0.0,0,0
scn_000182,HIGH,urinary_tract,Dual Vasopressor Strategy,0.6333674135679109,0.5727145740747678,3.0,76.49244608203352,0.0,0,1
scn_000182,HIGH,urinary_tract,Early Vasopressor + Fluids,0.6310068393874635,0.5727145740747678,3.0,74.91872996173527,0.0,0,0
scn_000182,HIGH,urinary_tract,Colloid-Based Resuscitation,0.6267393623166926,0.5694852431780633,3.02,73.69881093990304,0.0,0,0
scn_000182,HIGH,urinary_tract,Aggressive Fluid-First,0.6145214453016767,0.5694852431780633,3.53,74.05353292989251,0.0,1,0
scn_000182,HIGH,urinary_tract,Conservative Fluid + Early Antibiotics,0.6104482148844694,0.5759439049714723,3.77,72.75458126772409,0.0,0,0
scn_000329,LOW,skin_soft_tissue,Aggressive Fluid-First,0.8837343461621867,0.9899999999999999,3.5,84.82289744145795,0.0,1,1
scn_000329,LOW,skin_soft_tissue,Staged Reassessment,0.8823627016295098,0.9899999999999999,3.5,83.90846775300666,0.0,0,0
scn_000329,LOW,skin_soft_tissue,Conservative Fluid + Early Antibiotics,0.8813632416416667,0.9899999999999999,3.5,83.24216109444454,0.0,0,0
scn_000388,MODERATE,urinary_tract,Aggressive Fluid-First,0.8729322301299398,0.9899999999999999,3.5,77.6214867532933,0.0,1,1
scn_000388,MODERATE,urinary_tract,Staged Reassessment,0.8715734699730847,0.9899999999999999,3.5,76.71564664872326,0.0,0,0
scn_000388,MODERATE,urinary_tract,Conservative Fluid + Early Antibiotics,0.8706231081737623,0.9899999999999999,3.5,76.08207211584161,0.0,0,0
scn_000187,HIGH,pulmonary,Dual Vasopressor Strategy,0.5658158648445474,0.4471072330161992,3.0,81.70101668988525,0.0,0,1
scn_000187,HIGH,pulmonary,Colloid-Based Resuscitation,0.5496437643945753,0.4274333584631414,3.0,78.78916621112698,0.0,0,0
scn_000187,HIGH,pulmonary,Conservative Fluid + Early Antibiotics,0.5394644797167699,0.4337811075692571,3.5,77.79721011681043,0.0,0,0
scn_000187,HIGH,pulmonary,Aggressive Fluid-First,0.5375433476864672,0.4274333584631414,3.5,79.0555550723882,0.0,1,0
scn_000484,CRITICAL,pulmonary,Dual Vasopressor Strategy,0.4703162400213033,0.291133818492574,3.0,80.4239659505059,0.0,0,1
scn_000484,CRITICAL,pulmonary,Early Vasopressor + Fluids,0.46780269651924644,0.291133818492574,3.0,78.748270282468,0.0,0,0
scn_000484,CRITICAL,pulmonary,Colloid-Based Resuscitation,0.46401953373920446,0.28794608642698,3.0,77.50125458867768,0.0,0,0
scn_000484,CRITICAL,pulmonary,Conservative Fluid + Early Antibiotics,0.4538366861166832,0.29432155055816805,3.5,76.49583718785492,0.0,0,0
scn_000484,CRITICAL,pulmonary,Aggressive Fluid-First,0.4519146411456685,0.28794608642698,3.5,77.76465952632032,0.0,1,0
scn_000244,CRITICAL,urinary_tract,Dual Vasopressor Strategy,0.5393674329783513,0.41225114410354285,3.0,78.01116434415043,0.0,0,1
scn_000244,CRITICAL,urinary_tract,Early Vasopressor + Fluids,0.5369324782116298,0.41225114410354285,3.0,76.38786116633611,0.0,0,0
scn_000244,CRITICAL,urinary_tract,Colloid-Based Resuscitation,0.5331242543435667,0.40903400873239704,3.0,75.13589940275234,0.0,0,0
scn_000244,CRITICAL,urinary_tract,Conservative Fluid + Early Antibiotics,0.5230238439289089,0.41546827947468884,3.5,74.16191749606374,0.0,0,0
scn_000244,CRITICAL,urinary_tract,Aggressive Fluid-First,0.5211519951086453,0.40903400873239704,3.5,75.4877265794714,0.0,1,0
scn_000494,CRITICAL,urinary_tract,Dual Vasopressor Strategy,0.4464948127481002,0.2988218230844083,3.64,72.13447926497017,0.0,0,1
scn_000494,CRITICAL,urinary_tract,Early Vasopressor + Fluids,0.4079770207505896,0.25356788536305336,3.99,70.39085968850507,0.0,0,0
scn_000494,CRITICAL,urinary_tract,Aggressive Fluid-First,0.33978221521809027,0.16447771060578836,4.5,69.06372590307816,0.0,0,0
scn_000494,CRITICAL,urinary_tract,Colloid-Based Resuscitation,0.32460845232797786,0.11967723758786913,4.0,68.53473985017091,0.0,0,0
scn_000494,CRITICAL,urinary_tract,Conservative Fluid + Early Antibiotics,0.30211903674180207,0.10784774398338035,4.5,66.60692690118258,0.0,1,0
scn_000172,HIGH,pulmonary,Dual Vasopressor Strategy,0.5742853331592507,0.47125098949672506,3.0,77.68982630747712,0.0,0,1
scn_000172,HIGH,pulmonary,Colloid-Based Resuscitation,0.5681391217464196,0.4680601739836533,3.0,74.86867823748507,0.0,0,0
scn_000172,HIGH,pulmonary,Conservative Fluid + Early Antibiotics,0.5580128869352314,0.47444180500979677,3.5,73.8985359529022,0.0,0,0
scn_000172,HIGH,pulmonary,Aggressive Fluid-First,0.556023601359231,0.4680601739836533,3.5,75.12499797935939,0.0,1,0
scn_000165,HIGH,urinary_tract,Dual Vasopressor Strategy,0.5638310694999146,0.44255878393124887,3.0,82.19719942744351,0.0,0,1
scn_000165,HIGH,urinary_tract,Colloid-Based Resuscitation,0.5459340406161521,0.4198203948804266,3.0,79.36120245859746,0.0,0,0
scn_000165,HIGH,urinary_tract,Conservative Fluid + Early Antibiotics,0.5359006888853725,0.42629717298207126,3.5,78.41492339741974,0.0,0,0
scn_000165,HIGH,urinary_tract,Aggressive Fluid-First,0.5339469782118894,0.4198203948804266,3.5,79.70316085575563,0.0,1,0
scn_000239,CRITICAL,urinary_tract,Dual Vasopressor Strategy,0.4553913489545798,0.27013293599539634,3.0,78.8743915715613,0.0,0,1
scn_000239,CRITICAL,urinary_tract,Early Vasopressor + Fluids,0.45299995199327525,0.27013293599539634,3.0,77.28012693069167,0.0,0,0
scn_000239,CRITICAL,urinary_tract,Colloid-Based Resuscitation,0.4492674252194378,0.266971542942886,3.0,76.05633296913746,0.0,0,0
scn_000239,CRITICAL,urinary_tract,Conservative Fluid + Early Antibiotics,0.43912625870566757,0.2732943290479068,3.5,75.09977418461568,0.0,0,0
scn_000239,CRITICAL,urinary_tract,Aggressive Fluid-First,0.437266677789836,0.266971542942886,3.5,76.38916801606962,0.0,1,0
scn_000032,LOW,urinary_tract,Aggressive Fluid-First,0.8838176113505374,0.9899999999999999,3.5,84.87840756702506,0.0,1,1
scn_000032,LOW,urinary_tract,Staged Reassessment,0.8824629093574317,0.9899999999999999,3.5,83.97527290495456,0.0,0,0
scn_000032,LOW,urinary_tract,Conservative Fluid + Early Antibiotics,0.881468629615353,0.9899999999999999,3.5,83.31241974356877,0.0,0,0
scn_000105,MODERATE,urinary_tract,Colloid-Based Resuscitation,0.7705117350004574,0.8070651485950031,3.0,74.181763895637,0.0,0,1
scn_000105,MODERATE,urinary_tract,Conservative Fluid + Early Antibiotics,0.7598595057846382,0.813392994465003,3.52,73.21580607042432,0.0,0,0
scn_000105,MODERATE,urinary_tract,Aggressive Fluid-First,0.7583874942595035,0.8070651485950031,3.5,74.43227006833445,0.0,1,0
scn_000105,MODERATE,urinary_tract,Staged Reassessment,0.7516971442509404,0.7975733797900025,3.5,73.76874425129256,0.0,0,0
scn_000112,MODERATE,urinary_tract,Aggressive Fluid-First,0.786240856704297,0.8490614444350801,3.5,76.20266002883267,0.0,1,1
scn_000112,MODERATE,urinary_tract,Conservative Fluid + Early Antibiotics,0.7392848138692595,0.7743620630531926,3.5,74.77838402489596,0.0,0,0
scn_000112,MODERATE,urinary_tract,Staged Reassessment,0.73701850440341,0.7691105165079112,3.5,75.36812966577553,0.0,0,0
scn_000271,CRITICAL,intra_abdominal,Dual Vasopressor Strategy,0.5475086311752677,0.420828520739926,3.0,80.00767915420812,0.0,0,1
scn_000271,CRITICAL,intra_abdominal,Early Vasopressor + Fluids,0.5450378348163079,0.420828520739926,3.0,78.36048158156824,0.0,0,0
scn_000271,CRITICAL,intra_abdominal,Colloid-Based Resuscitation,0.5412753209727211,0.41764882282571725,3.0,77.12401818486057,0.0,0,0
scn_000271,CRITICAL,intra_abdominal,Conservative Fluid + Early Antibiotics,0.5311084806543958,0.42400821865413457,3.5,76.13569964127664,0.0,0,0
scn_000271,CRITICAL,intra_abdominal,Aggressive Fluid-First,0.529198871570596,0.41764882282571725,3.5,77.40638525011045,0.0,1,0
scn_000433,HIGH,skin_soft_tissue,Dual Vasopressor Strategy,0.6413627194716125,0.5728652329712718,3.0,81.76238645923293,0.0,0,1
scn_000433,HIGH,skin_soft_tissue,Colloid-Based Resuscitation,0.5852673029118022,0.48719772684044893,3.0,78.63244453835524,0.0,0,0
scn_000433,HIGH,skin_soft_tissue,Conservative Fluid + Early Antibiotics,0.5750906602687871,0.49353273910209494,3.5,77.64734453835347,0.0,0,0
scn_000433,HIGH,skin_soft_tissue,Aggressive Fluid-First,0.5732237464000778,0.48719772684044893,3.5,78.93674019720567,0.0,1,0
scn_000062,MODERATE,skin_soft_tissue,Aggressive Fluid-First,0.7693294035744886,0.8273198803520968,3.53,74.12498357548711,0.0,1,1
scn_000062,MODERATE,skin_soft_tissue,Conservative Fluid + Early Antibiotics,0.7657547346140529,0.8336614955062642,3.75,72.87189154019622,0.0,0,0
scn_000062,MODERATE,skin_soft_tissue,Staged Reassessment,0.7623466928159546,0.8178074576208456,3.54,73.44147882896479,0.0,0,0
scn_000149,HIGH,intra_abdominal,Dual Vasopressor Strategy,0.6514895518507184,0.5909983218340206,3.0,81.26037250020407,0.0,0,1
scn_000149,HIGH,intra_abdominal,Early Vasopressor + Fluids,0.6490771687426786,0.5909983218340206,3.0,79.6521170948442,0.0,0,0
scn_000149,HIGH,intra_abdominal,Conservative Fluid + Early Antibiotics,0.635190815644342,0.5941824881980738,3.5,77.45421515033173,0.0,0,0
scn_000149,HIGH,intra_abdominal,Aggressive Fluid-First,0.6333156495866816,0.5878141554699674,3.5,78.75143753646745,0.0,1,0
scn_000344,MODERATE,bloodstream,Aggressive Fluid-First,0.7444488580596679,0.7853259997406277,3.51,74.00217214352749,0.0,1,1
scn_000344,MODERATE,bloodstream,Conservative Fluid + Early Antibiotics,0.7250947530539457,0.7663030808076886,3.75,72.70860304622171,0.0,0,0
scn_000344,MODERATE,bloodstream,Staged Reassessment,0.7214967388949752,0.7501103781400361,3.54,73.28700800730243,0.0,0,0
scn_000177,HIGH,intra_abdominal,Dual Vasopressor Strategy,0.6205233495963844,0.5412791700840639,3.0,80.50389836396407,0.0,0,1
scn_000177,HIGH,intra_abdominal,Early Vasopressor + Fluids,0.618104189424146,0.5412791700840639,3.0,78.89112491580515,0.0,0,0
scn_000177,HIGH,intra_abdominal,Conservative Fluid + Early Antibiotics,0.6042671745066492,0.5444707271915392,3.5,76.7231587944838,0.0,0,0
scn_000177,HIGH,intra_abdominal,Aggressive Fluid-First,0.6022694417991149,0.5380876129765886,3.5,77.94458267544117,0.0,1,0
scn_000362,MODERATE,bloodstream,Aggressive Fluid-First,0.8719915401217099,0.9899999999999999,3.5,76.99436008114,0.0,1,1
scn_000362,MODERATE,bloodstream,Staged Reassessment,0.8705199951796722,0.9899999999999999,3.5,76.01333011978157,0.0,0,0
scn_000362,MODERATE,bloodstream,Conservative Fluid + Early Antibiotics,0.8695045114969556,0.9899999999999999,3.5,75.33634099797052,0.0,0,0
scn_000145,HIGH,intra_abdominal,Dual Vasopressor Strategy,0.6966971985020403,0.666509886694665,3.0,81.19417765682745,0.0,0,1
scn_000145,HIGH,intra_abdominal,Colloid-Based Resuscitation,0.6516011608448798,0.5987991002026999,3.0,78.21446714884001,0.0,0,0
scn_000145,HIGH,intra_abdominal,Conservative Fluid + Early Antibiotics,0.641510808391876,0.6052206731866296,3.5,77.2522696532655,0.0,0,0
scn_000145,HIGH,intra_abdominal,Aggressive Fluid-First,0.6395530664165763,0.5987991002026999,3.5,78.51573752997093,0.0,1,0
scn_000038,LOW,skin_soft_tissue,Aggressive Fluid-First,0.8853718731810777,0.9899999999999999,3.5,85.91458212071855,0.0,1,1
scn_000038,LOW,skin_soft_tissue,Staged Reassessment,0.8839765682372106,0.9899999999999999,3.5,84.9843788248072,0.0,0,0
scn_000038,LOW,skin_soft_tissue,Conservative Fluid + Early Antibiotics,0.8829772673564994,0.9899999999999999,3.5,84.3181782376664,0.0,0,0
scn_000269,CRITICAL,bloodstream,Dual Vasopressor Strategy,0.5430402305220671,0.4185280234640313,3.0,77.94894429576557,0.0,0,1
scn_000269,CRITICAL,bloodstream,Early Vasopressor + Fluids,0.5406065610880301,0.4185280234640313,3.0,76.32649800640755,0.0,0,0
scn_000269,CRITICAL,bloodstream,Colloid-Based Resuscitation,0.5368874621599095,0.41540886495182006,3.0,75.09476212587828,0.0,0,0
scn_000269,CRITICAL,bloodstream,Conservative Fluid + Early Antibiotics,0.5266702507141409,0.42164718197624274,3.5,74.12129435226346,0.0,0,0
scn_000269,CRITICAL,bloodstream,Aggressive Fluid-First,0.5248503598032812,0.41540886495182006,3.5,75.40336055479278,0.0,1,0
scn_000065,MODERATE,pulmonary,Colloid-Based Resuscitation,0.8564972883233285,0.9271321706888189,3.0,83.47865727335815,0.0,0,1
scn_000065,MODERATE,pulmonary,Conservative Fluid + Early Antibiotics,0.8458764215665728,0.933463639374701,3.5,82.19882529450153,0.0,0,0
scn_000065,MODERATE,pulmonary,Aggressive Fluid-First,0.8446322489608942,0.9271321706888189,3.5,83.9019643650686,0.0,1,0
scn_000065,MODERATE,pulmonary,Staged Reassessment,0.8374198649043703,0.9176349676599956,3.5,82.89258953891527,0.0,0,0
scn_000230,CRITICAL,pulmonary,Dual Vasopressor Strategy,0.4742910002301008,0.30939699522307323,3.0,75.76853539750458,0.0,0,1
scn_000230,CRITICAL,pulmonary,Early Vasopressor + Fluids,0.47185797253124134,0.30939699522307323,3.0,74.14651693159828,0.0,0,0
scn_000230,CRITICAL,pulmonary,Colloid-Based Resuscitation,0.4618816390710896,0.3062549690329924,3.25,72.91910510086277,0.0,0,0
scn_000230,CRITICAL,pulmonary,Aggressive Fluid-First,0.4528312171182049,0.3062549690329924,3.63,73.21882379893962,0.0,1,0
scn_000230,CRITICAL,pulmonary,Conservative Fluid + Early Antibiotics,0.4351922538798709,0.3125390214131541,4.41,71.94589402131899,0.0,0,0
scn_000401,HIGH,intra_abdominal,Dual Vasopressor Strategy,0.6975673031140274,0.6694569130591553,3.0,80.59543685235613,0.0,0,1
scn_000401,HIGH,intra_abdominal,Colloid-Based Resuscitation,0.6306206142880861,0.5658264679786512,3.0,77.41648900059697,0.0,0,0
scn_000401,HIGH,intra_abdominal,Conservative Fluid + Early Antibiotics,0.6204115505391155,0.5720873581396593,3.5,76.43942377021325,0.0,0,0
scn_000401,HIGH,intra_abdominal,Aggressive Fluid-First,0.6194431983630929,0.5673264679786513,3.5,77.69821171726817,0.0,1,0
scn_000397,HIGH,bloodstream,Dual Vasopressor Strategy,0.6304982012667122,0.5702443765066261,3.0,75.56771690849105,0.0,0,1
scn_000397,HIGH,bloodstream,Aggressive Fluid-First,0.6054876755054271,0.5670800508090833,3.77,72.9930966799848,0.0,1,0
scn_000397,HIGH,bloodstream,Conservative Fluid + Early Antibiotics,0.5899246380785379,0.5734087022041687,4.47,71.75294450402446,0.0,0,0
scn_000360,MODERATE,urinary_tract,Colloid-Based Resuscitation,0.8210421834868837,0.8897041451802779,3.0,74.81313091914467,0.0,0,1
scn_000360,MODERATE,urinary_tract,Aggressive Fluid-First,0.820696499679785,0.9092041451802777,3.5,75.11600838107891,0.0,1,0
scn_000360,MODERATE,urinary_tract,Staged Reassessment,0.7687413788818698,0.8247011063818769,3.5,74.28047670182912,0.0,0,0
scn_000360,MODERATE,urinary_tract,Conservative Fluid + Early Antibiotics,0.7665567551555842,0.8225395043792117,3.5,73.68870168537143,0.0,0,0
scn_000031,LOW,skin_soft_tissue,Aggressive Fluid-First,0.8779623556837965,0.9899999999999999,3.5,80.97490378919785,0.0,1,1
scn_000031,LOW,skin_soft_tissue,Staged Reassessment,0.8765552330332724,0.9899999999999999,3.5,80.03682202218175,0.0,0,0
scn_000031,LOW,skin_soft_tissue,Conservative Fluid + Early Antibiotics,0.8755350577885326,0.9899999999999999,3.5,79.35670519235521,0.0,0,0
scn_000446,HIGH,bloodstream,Dual Vasopressor Strategy,0.6103136370115788,0.5403346112216101,3.02,74.40858018574183,0.0,0,1
scn_000446,HIGH,bloodstream,Colloid-Based Resuscitation,0.580659891413953,0.5371679109263044,3.96,71.57276323878024,0.0,0,0
scn_000446,HIGH,bloodstream,Aggressive Fluid-First,0.5728799489919356,0.5371679109263044,4.29,71.88613495743527,0.0,1,0
scn_000446,HIGH,bloodstream,Conservative Fluid + Early Antibiotics,0.5622975204024325,0.5315013115169155,4.5,70.59782232818883,0.0,0,0
scn_000019,LOW,pulmonary,Aggressive Fluid-First,0.8825748722136799,0.9899999999999999,3.5,84.0499148091201,0.0,1,1
scn_000019,LOW,pulmonary,Staged Reassessment,0.88133504116077,0.9899999999999999,3.5,83.22336077384676,0.0,0,0
scn_000019,LOW,pulmonary,Conservative Fluid + Early Antibiotics,0.8804112031209186,0.9899999999999999,3.5,82.60746874727913,0.0,0,0
scn_000425,HIGH,intra_abdominal,Dual Vasopressor Strategy,0.5475161602353876,0.43088049294770703,3.0,75.99190964450895,0.0,0,1
scn_000425,HIGH,intra_abdominal,Colloid-Based Resuscitation,0.5396618267262485,0.4276994273438198,3.07,73.19478021330447,0.0,0,0
scn_000425,HIGH,intra_abdominal,Aggressive Fluid-First,0.5284047520633426,0.4276994273438198,3.54,73.52339710470044,0.0,1,0
scn_000425,HIGH,intra_abdominal,Conservative Fluid + Early Antibiotics,0.5130544964640846,0.43406155855159395,4.23,72.2450408887522,0.0,0,0
scn_000334,LOW,intra_abdominal,Colloid-Based Resuscitation,0.8947379584379292,0.9899999999999999,3.0,83.82530562528622,0.0,0,1
scn_000334,LOW,intra_abdominal,Aggressive Fluid-First,0.8827875076741816,0.9899999999999999,3.5,84.19167178278785,0.0,1,0
scn_000334,LOW,intra_abdominal,Staged Reassessment,0.881410673522706,0.9899999999999999,3.5,83.27378234847075,0.0,0,0
scn_000334,LOW,intra_abdominal,Conservative Fluid + Early Antibiotics,0.8804106284855867,0.9899999999999999,3.5,82.60708565705791,0.0,0,0
scn_000295,CRITICAL,urinary_tract,Dual Vasopressor Strategy,0.474026063789093,0.30303531858012145,3.0,78.13658176068009,0.0,0,1
scn_000295,CRITICAL,urinary_tract,Early Vasopressor + Fluids,0.4715928830763021,0.30303531858012145,3.0,76.51446128548614,0.0,0,0
scn_000295,CRITICAL,urinary_tract,Colloid-Based Resuscitation,0.4677918376986873,0.29979754703853934,3.0,75.27553965037582,0.0,0,0
scn_000295,CRITICAL,urinary_tract,Conservative Fluid + Early Antibiotics,0.4577172551209113,0.30627309012170356,3.5,74.30226736525945,0.0,0,0
scn_000295,CRITICAL,urinary_tract,Aggressive Fluid-First,0.4557791716396208,0.29979754703853934,3.5,75.60042894433148,0.0,1,0
scn_000124,MODERATE,intra_abdominal,Aggressive Fluid-First,0.789486435389622,0.8577292454144978,3.5,74.89925876061555,0.0,1,1
scn_000124,MODERATE,intra_abdominal,Conservative Fluid + Early Antibiotics,0.7821501186335453,0.8640929884098761,3.85,73.29621705841302,0.0,0,0
scn_000124,MODERATE,intra_abdominal,Staged Reassessment,0.7810901424107083,0.8481836309214305,3.55,73.95330923856672,0.0,0,0
scn_000463,CRITICAL,urinary_tract,Dual Vasopressor Strategy,0.46992278628059747,0.3099414085443989,3.07,73.80529410263874,0.0,0,1
scn_000463,CRITICAL,urinary_tract,Early Vasopressor + Fluids,0.45277611274416546,0.3099414085443989,3.66,72.20751174501741,0.0,0,0
scn_000463,CRITICAL,urinary_tract,Colloid-Based Resuscitation,0.43700595682564297,0.30083602980314444,4.0,71.00289262917089,0.0,0,0
scn_000463,CRITICAL,urinary_tract,Aggressive Fluid-First,0.4250558401542591,0.2990074740345821,4.45,71.2675704890066,0.0,1,0
scn_000463,CRITICAL,urinary_tract,Conservative Fluid + Early Antibiotics,0.37777954703969985,0.2257002490199378,4.5,69.90626508515813,0.0,0,0
scn_000424,HIGH,pulmonary,Dual Vasopressor Strategy,0.6150135829452948,0.5414654502074294,3.0,76.75620854722482,0.0,0,1
scn_000424,HIGH,pulmonary,Colloid-Based Resuscitation,0.6088247895319481,0.5382689909914445,3.0,73.90892995805426,0.0,0,0
scn_000424,HIGH,pulmonary,Aggressive Fluid-First,0.5967402569962247,0.5382689909914445,3.5,74.18590826757199,0.0,1,0
scn_000424,HIGH,pulmonary,Conservative Fluid + Early Antibiotics,0.5956963201759148,0.5446619094234143,3.62,72.9327830145775,0.0,0,0
scn_000315,LOW,bloodstream,Aggressive Fluid-First,0.8892003715827153,0.9899999999999999,3.5,88.466914388477,0.0,1,1
scn_000315,LOW,bloodstream,Staged Reassessment,0.887872639961547,0.9899999999999999,3.5,87.58175997436476,0.0,0,0
scn_000315,LOW,bloodstream,Conservative Fluid + Early Antibiotics,0.8868792071035009,0.9899999999999999,3.5,86.91947140233403,0.0,0,0
scn_000419,HIGH,intra_abdominal,Dual Vasopressor Strategy,0.5585835204759777,0.4394729558398748,3.0,79.93316464803522,0.0,0,1
scn_000419,HIGH,intra_abdominal,Conservative Fluid + Early Antibiotics,0.542244540209482,0.4426169809935556,3.5,76.11623440889909,0.0,0,0
scn_000419,HIGH,intra_abdominal,Aggressive Fluid-First,0.5403954691282598,0.4363289306861937,3.5,77.39874047769568,0.0,1,0
scn_000382,MODERATE,bloodstream,Conservative Fluid + Early Antibiotics,0.8338066935536116,0.924968411331098,3.5,77.55043116996858,0.0,0,1
scn_000382,MODERATE,bloodstream,Aggressive Fluid-First,0.8325662718930064,0.9185597748525801,3.5,79.28693798763884,0.0,1,0
scn_000382,MODERATE,bloodstream,Staged Reassessment,0.825259255660677,0.9089468201348032,3.5,78.26077571986349,0.0,0,0
scn_000206,HIGH,urinary_tract,Dual Vasopressor Strategy,0.552910735999826,0.4321124430444025,3.0,79.09551344878967,0.0,0,1
scn_000206,HIGH,urinary_tract,Conservative Fluid + Early Antibiotics,0.536603679118374,0.43532592838767636,3.5,75.27208139051214,0.0,0,0
scn_000206,HIGH,urinary_tract,Aggressive Fluid-First,0.5346403005014669,0.4288989577011288,3.5,76.53395058719316,0.0,1,0
scn_000151,HIGH,urinary_tract,Dual Vasopressor Strategy,0.5488707417766471,0.42417811284776186,3.0,79.57591604532668,0.0,0,1
scn_000151,HIGH,urinary_tract,Conservative Fluid + Early Antibiotics,0.5317115004714599,0.4259064842384923,3.5,75.77840661890961,0.0,0,0
scn_000151,HIGH,urinary_tract,Aggressive Fluid-First,0.5297806712633187,0.41944974145703107,3.5,77.07388425940013,0.0,1,0
scn_000157,HIGH,intra_abdominal,Dual Vasopressor Strategy,0.58891991845281,0.5013814392465891,3.0,75.39403660323777,0.0,0,1
scn_000157,HIGH,intra_abdominal,Early Vasopressor + Fluids,0.5860080322855913,0.5013814392465891,3.02,73.78611249175859,0.0,0,0
scn_000157,HIGH,intra_abdominal,Aggressive Fluid-First,0.5629717556389171,0.49818719084536306,3.81,72.87296075446615,0.0,1,0
scn_000157,HIGH,intra_abdominal,Conservative Fluid + Early Antibiotics,0.5476442296913746,0.504575687647815,4.5,71.59921140179044,0.0,0,0
scn_000407,HIGH,skin_soft_tissue,Dual Vasopressor Strategy,0.6008587400351321,0.5101801517553501,3.0,79.83376598794798,0.0,0,1
scn_000407,HIGH,skin_soft_tissue,Conservative Fluid + Early Antibiotics,0.5843153716935063,0.5133427873278592,3.5,75.87313286452728,0.0,0,0
scn_000407,HIGH,skin_soft_tissue,Aggressive Fluid-First,0.5824844048726927,0.507017516182841,3.5,77.18259677532542,0.0,1,0
scn_000184,HIGH,pulmonary,Dual Vasopressor Strategy,0.6282980644593339,0.559715687407986,3.0,78.31243467636148,0.0,0,1
scn_000184,HIGH,pulmonary,Conservative Fluid + Early Antibiotics,0.6064079837124009,0.5538924160239858,3.5,74.38168939867299,0.0,0,0
scn_000184,HIGH,pulmonary,Aggressive Fluid-First,0.6046277559015242,0.5475389587919863,3.5,75.73625375088824,0.0,1,0
scn_000232,CRITICAL,urinary_tract,Dual Vasopressor Strategy,0.4894507702255353,0.3854218159750079,3.94,71.13178709368702,0.0,0,1
scn_000232,CRITICAL,urinary_tract,Early Vasopressor + Fluids,0.4031242184776839,0.24942181597500793,4.0,68.98075259511947,0.0,0,0
scn_000232,CRITICAL,urinary_tract,Colloid-Based Resuscitation,0.36764387812878785,0.19627913660724453,4.0,66.58426410962743,0.0,0,0
scn_000232,CRITICAL,urinary_tract,Aggressive Fluid-First,0.35621062908380374,0.19627913660724453,4.5,67.29543141297137,0.0,0,0
scn_000232,CRITICAL,urinary_tract,Conservative Fluid + Early Antibiotics,0.3560047667194592,0.20256449534277135,4.5,64.64404634253093,0.0,1,0
scn_000364,MODERATE,intra_abdominal,Colloid-Based Resuscitation,0.7926774275964709,0.8270431229621253,3.0,80.96770254613048,0.0,0,1
scn_000364,MODERATE,intra_abdominal,Conservative Fluid + Early Antibiotics,0.7820650661701829,0.833369778257375,3.5,79.69546614383862,0.0,0,0
scn_000364,MODERATE,intra_abdominal,Aggressive Fluid-First,0.7807824335670311,0.8270431229621253,3.5,81.3710398598373,0.0,1,0
scn_000364,MODERATE,intra_abdominal,Staged Reassessment,0.7736005540455444,0.8175531400192503,3.5,80.37911335599618,0.0,0,0
scn_000376,MODERATE,bloodstream,Colloid-Based Resuscitation,0.8730804483293234,0.9778907168918054,3.03,74.73067879616015,0.0,0,1
scn_000376,MODERATE,bloodstream,Aggressive Fluid-First,0.8610418266581069,0.9778907168918054,3.54,75.20493101534915,0.0,1,0
scn_000376,MODERATE,bloodstream,Staged Reassessment,0.8538901201343377,0.9692801491193862,3.56,74.21468710847066,0.0,0,0
scn_000376,MODERATE,bloodstream,Conservative Fluid + Early Antibiotics,0.8525686562323724,0.9821555153970423,3.88,73.51689799609808,0.0,0,0
scn_000174,HIGH,intra_abdominal,Dual Vasopressor Strategy,0.5726683274872504,0.46128974657484684,3.0,80.59631969489486,0.0,0,1
scn_000174,HIGH,intra_abdominal,Colloid-Based Resuscitation,0.5657255701927806,0.45663738482287725,3.0,77.82875953270289,0.0,0,0
scn_000174,HIGH,intra_abdominal,Conservative Fluid + Early Antibiotics,0.5556098812921154,0.4629421083268164,3.5,76.89641086401704,0.0,0,0
scn_000174,HIGH,intra_abdominal,Aggressive Fluid-First,0.5537671662764939,0.45663738482287725,3.5,78.18982358851173,0.0,1,0
scn_000483,CRITICAL,intra_abdominal,Dual Vasopressor Strategy,0.4979338715579126,0.35146305524614574,3.0,74.70402560681677,0.0,0,1
scn_000483,CRITICAL,intra_abdominal,Early Vasopressor + Fluids,0.4915393009516065,0.35146305524614574,3.16,73.10764520261272,0.0,0,0
scn_000483,CRITICAL,intra_abdominal,Colloid-Based Resuscitation,0.47078952613090225,0.3482666590554576,3.84,71.88635379841844,0.0,0,0
scn_000483,CRITICAL,intra_abdominal,Aggressive Fluid-First,0.4617758232674102,0.3482666590554576,4.22,72.21055188942377,0.0,1,0
scn_000483,CRITICAL,intra_abdominal,Conservative Fluid + Early Antibiotics,0.4554877431493699,0.3526594514368337,4.5,70.92804819151313,0.0,0,0
scn_000429,HIGH,skin_soft_tissue,Dual Vasopressor Strategy,0.6423922615689786,0.5778659792205855,3.0,80.44844935775156,0.0,0,1
scn_000429,HIGH,skin_soft_tissue,Colloid-Based Resuscitation,0.6326955673256933,0.5686589797674122,3.0,77.66678631016401,0.0,0,0
scn_000429,HIGH,skin_soft_tissue,Conservative Fluid + Early Antibiotics,0.6226354255767821,0.5750729786737587,3.5,76.72775891501792,0.0,0,0
scn_000429,HIGH,skin_soft_tissue,Aggressive Fluid-First,0.620705503106102,0.5686589797674122,3.5,78.00674349710309,0.0,1,0
scn_000298,CRITICAL,skin_soft_tissue,Dual Vasopressor Strategy,0.5149019901698698,0.38096126292668836,3.02,74.55015494257125,0.0,0,1
scn_000298,CRITICAL,skin_soft_tissue,Early Vasopressor + Fluids,0.5052079073933274,0.38096126292668836,3.31,72.92076642487628,0.0,0,0
scn_000298,CRITICAL,skin_soft_tissue,Colloid-Based Resuscitation,0.48640603157684403,0.37777807179703854,3.91,71.65945899908063,0.0,0,0
scn_000298,CRITICAL,skin_soft_tissue,Aggressive Fluid-First,0.4789511035726868,0.37777807179703854,4.23,72.02284032964248,0.0,1,0
scn_000298,CRITICAL,skin_soft_tissue,Conservative Fluid + Early Antibiotics,0.4704000747470041,0.37814445405633795,4.5,70.67560154213427,0.0,0,0
scn_000395,HIGH,urinary_tract,Dual Vasopressor Strategy,0.5461895089919612,0.41909377328628267,3.0,79.82216334679443,0.0,0,1
scn_000395,HIGH,urinary_tract,Conservative Fluid + Early Antibiotics,0.5301011470045321,0.422227819951711,3.5,76.1763033556704,0.0,0,0
scn_000395,HIGH,urinary_tract,Aggressive Fluid-First,0.5282177123982564,0.415959726620854,3.5,77.42791761716268,0.0,1,0
scn_000255,CRITICAL,skin_soft_tissue,Dual Vasopressor Strategy,0.4637058043341369,0.2904701821571316,3.0,76.2824633599053,0.0,0,1
scn_000255,CRITICAL,skin_soft_tissue,Early Vasopressor + Fluids,0.4612995262293009,0.2904701821571316,3.0,74.67827795668134,0.0,0,0
scn_000255,CRITICAL,skin_soft_tissue,Colloid-Based Resuscitation,0.45603323397468115,0.28729991420562817,3.06,73.43552363420284,0.0,0,0
scn_000255,CRITICAL,skin_soft_tissue,Aggressive Fluid-First,0.44532303164370307,0.28729991420562817,3.51,73.79538874688411,0.0,0,0
scn_000255,CRITICAL,skin_soft_tissue,Conservative Fluid + Early Antibiotics,0.43389378865358375,0.29364045010863515,4.04,72.47301239226846,0.0,1,0
scn_000050,LOW,urinary_tract,Aggressive Fluid-First,0.8932357051699407,0.9899999999999999,3.5,91.15713677996058,0.0,1,1
scn_000050,LOW,urinary_tract,Staged Reassessment,0.8919804519364367,0.9899999999999999,3.5,90.3203012909579,0.0,0,0
scn_000050,LOW,urinary_tract,Conservative Fluid + Early Antibiotics,0.8910634406574148,0.9899999999999999,3.5,89.70896043827666,0.0,0,0
scn_000264,CRITICAL,intra_abdominal,Dual Vasopressor Strategy,0.49006713596921436,0.32990051477852966,3.0,78.0845514013977,0.0,0,1
scn_000264,CRITICAL,intra_abdominal,Early Vasopressor + Fluids,0.48762794990605735,0.32990051477852966,3.0,76.45842735929301,0.0,0,0
scn_000264,CRITICAL,intra_abdominal,Conservative Fluid + Early Antibiotics,0.47372884022817735,0.33305579148322784,3.5,74.26357689216043,0.0,1,0
scn_000264,CRITICAL,intra_abdominal,Aggressive Fluid-First,0.4718193053851315,0.32674523807383143,3.5,75.51477502722175,0.0,0,0
scn_000081,MODERATE,intra_abdominal,Colloid-Based Resuscitation,0.800465048763852,0.8384299369192436,3.0,81.60472440820398,0.0,0,1
scn_000081,MODERATE,intra_abdominal,Conservative Fluid + Early Antibiotics,0.7899919656262004,0.844831555131095,3.5,80.39535503169564,0.0,0,0
scn_000081,MODERATE,intra_abdominal,Aggressive Fluid-First,0.7885560073460203,0.8384299369192436,3.5,81.99869679631607,0.0,1,0
scn_000081,MODERATE,intra_abdominal,Staged Reassessment,0.7813696316930868,0.8288275096014672,3.5,81.04875062147097,0.0,0,0
scn_000134,MODERATE,intra_abdominal,Aggressive Fluid-First,0.8028332234245799,0.8890520352930474,3.62,73.26800149916764,0.0,1,1
scn_000134,MODERATE,intra_abdominal,Staged Reassessment,0.786988243934097,0.8793991675665843,3.98,72.56582892943104,0.0,0,0
scn_000134,MODERATE,intra_abdominal,Conservative Fluid + Early Antibiotics,0.7855133959483898,0.8954872804440233,4.39,71.98068512131721,0.0,0,0
scn_000237,CRITICAL,bloodstream,Dual Vasopressor Strategy,0.4871932048356651,0.3319433312938237,3.0,75.35147070624728,0.0,0,1
scn_000237,CRITICAL,bloodstream,Early Vasopressor + Fluids,0.4840042174331316,0.3319433312938237,3.03,73.72547910455826,0.0,0,0
scn_000237,CRITICAL,bloodstream,Colloid-Based Resuscitation,0.46819978683443264,0.32873429625977574,3.51,72.47280605237813,0.0,0,0
scn_000237,CRITICAL,bloodstream,Aggressive Fluid-First,0.4612239065508774,0.32873429625977574,3.81,72.8222191966747,0.0,1,0
scn_000237,CRITICAL,bloodstream,Conservative Fluid + Early Antibiotics,0.44583723643377016,0.3351523663278717,4.5,71.49721109136475,0.0,0,0
scn_000372,MODERATE,skin_soft_tissue,Aggressive Fluid-First,0.8607489395480761,0.9611552157271368,3.5,81.03720674119607,0.0,1,1
scn_000372,MODERATE,skin_soft_tissue,Conservative Fluid + Early Antibiotics,0.8417800779816806,0.9337306647018981,3.5,79.36111944036116,0.0,0,0
scn_000372,MODERATE,skin_soft_tissue,Staged Reassessment,0.8417626581261293,0.9320345225600716,3.5,80.02796306005756,0.0,0,0
scn_000071,MODERATE,intra_abdominal,Aggressive Fluid-First,0.7766418967363863,0.8313223833799536,3.5,76.89897780560946,0.0,1,1
scn_000071,MODERATE,intra_abdominal,Conservative Fluid + Early Antibiotics,0.7641040827935743,0.8136641338329241,3.5,75.60373499587993,0.0,0,0
scn_000071,MODERATE,intra_abdominal,Staged Reassessment,0.7554597048655309,0.7978097577004981,3.5,76.18256683015473,0.0,0,0
scn_000146,HIGH,intra_abdominal,Dual Vasopressor Strategy,0.7248004215991879,0.715955439218546,3.0,80.15143871204022,0.0,0,1
scn_000146,HIGH,intra_abdominal,Conservative Fluid + Early Antibiotics,0.6385955577048357,0.6036253191979813,3.5,75.94691079069787,0.0,0,0
scn_000146,HIGH,intra_abdominal,Aggressive Fluid-First,0.636675198637209,0.5972855592391104,3.5,77.20257539582857,0.0,1,0
scn_000037,LOW,intra_abdominal,Aggressive Fluid-First,0.8893171945734315,0.9899999999999999,3.5,88.54479638228779,0.0,1,1
scn_000037,LOW,intra_abdominal,Staged Reassessment,0.887969197496411,0.9899999999999999,3.5,87.64613166427412,0.0,0,0
scn_000037,LOW,intra_abdominal,Conservative Fluid + Early Antibiotics,0.8869922064968829,0.9899999999999999,3.5,86.99480433125537,0.0,0,0
scn_000426,HIGH,bloodstream,Dual Vasopressor Strategy,0.6283985582703224,0.5600492074662058,3.0,78.24602252706602,0.0,0,1
scn_000426,HIGH,bloodstream,Early Vasopressor + Fluids,0.625944878244708,0.5600492074662058,3.0,76.61023584332307,0.0,0,0
scn_000426,HIGH,bloodstream,Conservative Fluid + Early Antibiotics,0.6120507141166065,0.5632083971363692,3.5,74.41711722318996,0.0,0,0
scn_000426,HIGH,bloodstream,Aggressive Fluid-First,0.6100988819024982,0.5568900177960426,3.5,75.64324748324837,0.0,1,0
scn_000322,LOW,pulmonary,Aggressive Fluid-First,0.8836799111517951,0.9899999999999999,3.5,84.78660743453018,0.0,1,1
scn_000322,LOW,pulmonary,Staged Reassessment,0.8822459565585655,0.9899999999999999,3.5,83.83063770571044,0.0,0,0
scn_000322,LOW,pulmonary,Conservative Fluid + Early Antibiotics,0.881229790221494,0.9899999999999999,3.5,83.15319348099607,0.0,0,0
scn_000493,CRITICAL,pulmonary,Dual Vasopressor Strategy,0.4980242110286687,0.3496984114718406,3.0,75.47010943037624,0.0,0,1
scn_000493,CRITICAL,pulmonary,Early Vasopressor + Fluids,0.4953850704368107,0.3496984114718406,3.01,73.87734903580423,0.0,0,0
scn_000493,CRITICAL,pulmonary,Colloid-Based Resuscitation,0.4824435251587611,0.3465484532752134,3.38,72.6763021290887,0.0,0,0
scn_000493,CRITICAL,pulmonary,Aggressive Fluid-First,0.4741210518749725,0.3465484532752134,3.73,72.9613199398963,0.0,1,0
scn_000493,CRITICAL,pulmonary,Conservative Fluid + Early Antibiotics,0.45753999063959905,0.35284836966846805,4.47,71.72064589234546,0.0,0,0
scn_000056,LOW,pulmonary,Aggressive Fluid-First,0.8782317775962606,0.9899999999999999,3.5,81.15451839750715,0.0,1,1
scn_000056,LOW,pulmonary,Staged Reassessment,0.8769664574967364,0.9899999999999999,3.5,80.31097166449105,0.0,0,0
scn_000056,LOW,pulmonary,Conservative Fluid + Early Antibiotics,0.8760253406174765,0.9899999999999999,3.5,79.6835604116511,0.0,0,0
scn_000356,MODERATE,pulmonary,Colloid-Based Resuscitation,0.7972825055786612,0.8475948460930017,3.0,75.81706528190682,0.0,0,1
scn_000356,MODERATE,pulmonary,Conservative Fluid + Early Antibiotics,0.7870929778991943,0.8539513242601907,3.5,74.81478889538658,0.0,0,0
scn_000356,MODERATE,pulmonary,Aggressive Fluid-First,0.7851672326133381,0.8475948460930017,3.5,76.07354997169142,0.0,1,0
scn_000356,MODERATE,pulmonary,Staged Reassessment,0.7784165068367999,0.8380601288422175,3.5,75.38695302097967,0.0,0,0
scn_000201,HIGH,bloodstream,Dual Vasopressor Strategy,0.6000571953945233,0.5215635123794933,3.0,74.74605864455155,0.0,0,1
scn_000201,HIGH,bloodstream,Colloid-Based Resuscitation,0.5716186952646986,0.5183644725800329,3.89,71.90000781111922,0.0,0,0
scn_000201,HIGH,bloodstream,Aggressive Fluid-First,0.5632503646119297,0.5183644725800329,4.24,72.15445404260657,0.0,1,0
scn_000201,HIGH,bloodstream,Conservative Fluid + Early Antibiotics,0.5575372968409374,0.5227625521789535,4.5,70.91984368904356,0.0,0,0
scn_000088,MODERATE,pulmonary,Colloid-Based Resuscitation,0.8816842999241258,0.9763542729705105,3.0,80.5811574278797,0.0,0,1
scn_000088,MODERATE,pulmonary,Conservative Fluid + Early Antibiotics,0.8699710570858477,0.9808990307862753,3.5,79.287759076055,0.0,0,0
scn_000088,MODERATE,pulmonary,Aggressive Fluid-First,0.8697805056518496,0.9763542729705105,3.5,80.97862791302889,0.0,1,0
scn_000088,MODERATE,pulmonary,Staged Reassessment,0.8632129214092505,0.9679050382301644,3.5,79.97993231410132,0.0,0,0
scn_000099,MODERATE,skin_soft_tissue,Conservative Fluid + Early Antibiotics,0.8564582440291999,0.9545692934538152,3.5,80.81111197127382,0.0,0,1
scn_000099,MODERATE,skin_soft_tissue,Aggressive Fluid-First,0.8550136077896522,0.9481811245587478,3.5,82.40328870293575,0.0,1,0
scn_000099,MODERATE,skin_soft_tissue,Staged Reassessment,0.8478590014565682,0.9385988712161466,3.5,81.46645248458685,0.0,0,0
scn_000462,CRITICAL,bloodstream,Dual Vasopressor Strategy,0.4967738358477999,0.33994208427720163,3.0,78.53905685431927,0.0,0,1
scn_000462,CRITICAL,bloodstream,Early Vasopressor + Fluids,0.4942971300275404,0.33994208427720163,3.0,76.88791964081292,0.0,0,0
scn_000462,CRITICAL,bloodstream,Colloid-Based Resuscitation,0.4905364693758789,0.33678571363832793,3.0,75.64336079525476,0.0,0,0
scn_000462,CRITICAL,bloodstream,Conservative Fluid + Early Antibiotics,0.48033809065037164,0.3430984549160754,3.5,74.65267846715095,0.0,0,0
scn_000462,CRITICAL,bloodstream,Aggressive Fluid-First,0.4784779889522367,0.33678571363832793,3.5,75.93770717949332,0.0,1,0
scn_000317,LOW,skin_soft_tissue,Aggressive Fluid-First,0.8895164354204259,0.9899999999999999,3.5,88.6776236136174,0.0,1,1
scn_000317,LOW,skin_soft_tissue,Staged Reassessment,0.8881288891357592,0.9899999999999999,3.5,87.75259275717286,0.0,0,0
scn_000317,LOW,skin_soft_tissue,Conservative Fluid + Early Antibiotics,0.8871196148832112,0.9899999999999999,3.5,87.07974325547426,0.0,0,0
scn_000336,LOW,pulmonary,Aggressive Fluid-First,0.8870705310187832,0.9899999999999999,3.5,87.04702067918888,0.0,1,1
scn_000336,LOW,pulmonary,Staged Reassessment,0.8856712464641919,0.9899999999999999,3.5,86.11416430946142,0.0,0,0
scn_000336,LOW,pulmonary,Conservative Fluid + Early Antibiotics,0.8846666764271958,0.9899999999999999,3.5,85.44445095146392,0.0,0,0
scn_000299,CRITICAL,intra_abdominal,Dual Vasopressor Strategy,0.5139774974011986,0.3717389900289442,3.0,77.28940225588804,0.0,0,1
scn_000299,CRITICAL,intra_abdominal,Early Vasopressor + Fluids,0.5115174403289953,0.3717389900289442,3.0,75.64936420775246,0.0,0,0
scn_000299,CRITICAL,intra_abdominal,Colloid-Based Resuscitation,0.5077599121983021,0.3685353323966036,3.0,74.42580850689333,0.0,0,0
scn_000299,CRITICAL,intra_abdominal,Conservative Fluid + Early Antibiotics,0.49762826711378894,0.3749426476612849,3.5,73.441785678012,0.0,0,0
scn_000299,CRITICAL,intra_abdominal,Aggressive Fluid-First,0.49565676154427624,0.3685353323966036,3.5,74.69037473754274,0.0,1,0
scn_000458,CRITICAL,pulmonary,Dual Vasopressor Strategy,0.47467285141743354,0.3100048943327317,3.0,75.77994321186304,0.0,0,1
scn_000458,CRITICAL,pulmonary,Early Vasopressor + Fluids,0.47227760556562265,0.3100048943327317,3.0,74.18311264398909,0.0,0,0
scn_000458,CRITICAL,pulmonary,Colloid-Based Resuscitation,0.46234663401640125,0.3068468707976598,3.25,72.99234102520354,0.0,0,0
scn_000458,CRITICAL,pulmonary,Aggressive Fluid-First,0.4517312164977134,0.3068468707976598,3.69,73.24872934607835,0.0,1,0
scn_000458,CRITICAL,pulmonary,Conservative Fluid + Early Antibiotics,0.437949114747401,0.31316291786780365,4.32,72.03424268447921,0.0,0,0
scn_000338,LOW,urinary_tract,Aggressive Fluid-First,0.879926169052379,0.9899999999999999,3.5,82.28411270158612,0.0,1,1
scn_000338,LOW,urinary_tract,Staged Reassessment,0.8784886349708171,0.9899999999999999,3.5,81.32575664721152,0.0,0,0
scn_000338,LOW,urinary_tract,Conservative Fluid + Early Antibiotics,0.8774666202229553,0.9899999999999999,3.5,80.64441348197032,0.0,0,0
scn_000431,HIGH,bloodstream,Dual Vasopressor Strategy,0.5486335666306117,0.42246304760511527,3.0,80.10382537836172,0.0,0,1
scn_000431,HIGH,bloodstream,Conservative Fluid + Early Antibiotics,0.5304576996905735,0.4226068120157764,3.5,76.26240832073849,0.0,0,0
scn_000431,HIGH,bloodstream,Aggressive Fluid-First,0.5285386373010752,0.41631928319445427,3.5,77.49804492293507,0.0,1,0
scn_000159,HIGH,bloodstream,Dual Vasopressor Strategy,0.552469340458515,0.4429211139022543,3.02,74.81111474477498,0.0,0,1
scn_000159,HIGH,bloodstream,Early Vasopressor + Fluids,0.5465970176924992,0.4429211139022543,3.16,73.22956623409779,0.0,0,0
scn_000159,HIGH,bloodstream,Colloid-Based Resuscitation,0.5263406609531944,0.4396863477469319,3.82,72.01923487002355,0.0,0,0
scn_000159,HIGH,bloodstream,Aggressive Fluid-First,0.520573716760936,0.4396863477469319,4.07,72.3412720751846,0.0,1,0
scn_000159,HIGH,bloodstream,Conservative Fluid + Early Antibiotics,0.5117989866799719,0.4461558800575767,4.5,71.07030576361723,0.0,0,0
scn_000346,MODERATE,urinary_tract,Colloid-Based Resuscitation,0.7515629354609716,0.7677526478812701,3.0,77.27423115480644,0.0,0,1
scn_000346,MODERATE,urinary_tract,Conservative Fluid + Early Antibiotics,0.7409532602683295,0.774117655874852,3.5,75.98844449561221,0.0,0,0
scn_000346,MODERATE,urinary_tract,Aggressive Fluid-First,0.7395977216667495,0.7677526478812701,3.5,77.63075529199175,0.0,1,0
scn_000346,MODERATE,urinary_tract,Staged Reassessment,0.7324095812041824,0.7582051358908966,3.5,76.65766644642969,0.0,0,0
scn_000021,LOW,skin_soft_tissue,Aggressive Fluid-First,0.885743656211892,0.9899999999999999,3.5,86.16243747459477,0.0,1,1
scn_000021,LOW,skin_soft_tissue,Staged Reassessment,0.8844814999671583,0.9899999999999999,3.5,85.32099997810565,0.0,0,0
scn_000021,LOW,skin_soft_tissue,Conservative Fluid + Early Antibiotics,0.8835241619186028,0.9899999999999999,3.5,84.68277461240199,0.0,0,0
scn_000045,LOW,intra_abdominal,Aggressive Fluid-First,0.8887998743480849,0.9899999999999999,3.5,88.1999162320567,0.0,1,1
scn_000045,LOW,intra_abdominal,Staged Reassessment,0.8873974198531933,0.9899999999999999,3.5,87.26494656879568,0.0,0,0
scn_000045,LOW,intra_abdominal,Conservative Fluid + Early Antibiotics,0.8863932545619291,0.9899999999999999,3.5,86.59550304128612,0.0,0,0
scn_000293,CRITICAL,pulmonary,Dual Vasopressor Strategy,0.5280942293014035,0.4005658060081344,3.0,75.16983046434856,0.0,0,1
scn_000293,CRITICAL,pulmonary,Early Vasopressor + Fluids,0.5247220614696717,0.4005658060081344,3.04,73.58838524319404,0.0,0,0
scn_000293,CRITICAL,pulmonary,Colloid-Based Resuscitation,0.5059901096486887,0.39739302163949924,3.64,72.3695311099928,0.0,0,0
scn_000293,CRITICAL,pulmonary,Aggressive Fluid-First,0.5002515198972897,0.39739302163949924,3.89,72.71047127572679,0.0,1,0
scn_000293,CRITICAL,pulmonary,Conservative Fluid + Early Antibiotics,0.4871241501920117,0.4037385903767695,4.49,71.42066397730005,0.0,0,0
scn_000183,HIGH,skin_soft_tissue,Dual Vasopressor Strategy,0.6093530771998228,0.530256527877267,3.0,77.46610698230843,0.0,0,1
scn_000183,HIGH,skin_soft_tissue,Early Vasopressor + Fluids,0.6069539659535621,0.530256527877267,3.0,75.86669948480129,0.0,0,0
scn_000183,HIGH,skin_soft_tissue,Colloid-Based Resuscitation,0.6032615919278916,0.5270918824068126,3.0,74.67097498920275,0.0,0,0
scn_000183,HIGH,skin_soft_tissue,Conservative Fluid + Early Antibiotics,0.5931196997446804,0.5334211733477212,3.5,73.71133049069846,0.0,0,0
scn_000183,HIGH,skin_soft_tissue,Aggressive Fluid-First,0.591156798118901,0.5270918824068126,3.5,74.9344457832089,0.0,1,0
scn_000188,HIGH,urinary_tract,Dual Vasopressor Strategy,0.5446167278953669,0.4222307359034813,3.0,77.51885756885207,0.0,0,1
scn_000188,HIGH,urinary_tract,Colloid-Based Resuscitation,0.5384591063096084,0.41901413759023187,3.0,74.7004158369795,0.0,0,0
scn_000188,HIGH,urinary_tract,Conservative Fluid + Early Antibiotics,0.5281166735654336,0.42544733421673087,3.51,73.73218202359668,0.0,0,0
scn_000188,HIGH,urinary_tract,Aggressive Fluid-First,0.5261022129416659,0.41901413759023187,3.51,74.96248692501784,0.0,1,0
scn_000150,HIGH,intra_abdominal,Dual Vasopressor Strategy,0.5799888000594475,0.4809890502382785,3.0,77.59691327765367,0.0,0,1
scn_000150,HIGH,intra_abdominal,Colloid-Based Resuscitation,0.5738196601300859,0.4778051278635871,3.0,74.75772227462242,0.0,0,0
scn_000150,HIGH,intra_abdominal,Conservative Fluid + Early Antibiotics,0.5636998721811356,0.4841729726129701,3.5,73.79739240890241,0.0,0,0
scn_000150,HIGH,intra_abdominal,Aggressive Fluid-First,0.5618539556754648,0.4778051278635871,3.5,75.11391930487504,0.0,1,0
scn_000477,CRITICAL,urinary_tract,Dual Vasopressor Strategy,0.5321791760444319,0.4202696569986673,3.2,73.34492123015438,0.0,0,1
scn_000477,CRITICAL,urinary_tract,Early Vasopressor + Fluids,0.5125115013261434,0.4182696569986673,3.84,71.69980475129532,0.0,0,0
scn_000477,CRITICAL,urinary_tract,Colloid-Based Resuscitation,0.4806497809193079,0.37510466602501824,4.0,70.3913208695313,0.0,0,0
scn_000477,CRITICAL,urinary_tract,Aggressive Fluid-First,0.4758290092213163,0.3871046660250182,4.5,70.71080640420361,0.0,0,0
scn_000477,CRITICAL,urinary_tract,Conservative Fluid + Early Antibiotics,0.388163393193659,0.2454346479723165,4.5,68.93506960684603,0.0,1,0
scn_000017,LOW,pulmonary,Aggressive Fluid-First,0.8763187597383141,0.9899999999999999,3.5,79.87917315887617,0.0,1,1
scn_000017,LOW,pulmonary,Staged Reassessment,0.8750181734921008,0.9899999999999999,3.5,79.01211566140064,0.0,0,0
scn_000017,LOW,pulmonary,Conservative Fluid + Early Antibiotics,0.8740626572449697,0.9899999999999999,3.5,78.37510482997992,0.0,0,0
scn_000091,MODERATE,skin_soft_tissue,Conservative Fluid + Early Antibiotics,0.6585731414871159,0.6425494291721864,3.5,73.69565598920276,0.0,0,1
scn_000091,MODERATE,skin_soft_tissue,Aggressive Fluid-First,0.6567429722799231,0.6362648430607922,3.5,74.98937762896517,0.0,1,0
scn_000091,MODERATE,skin_soft_tissue,Staged Reassessment,0.6500283452562263,0.6268379638937008,3.5,74.28371128000386,0.0,0,0
scn_000242,CRITICAL,intra_abdominal,Dual Vasopressor Strategy,0.5099067208106769,0.3705901885451247,3.0,75.03507178906806,0.0,0,1
scn_000242,CRITICAL,intra_abdominal,Early Vasopressor + Fluids,0.504165008265026,0.3705901885451247,3.13,73.37393009196745,0.0,0,0
scn_000242,CRITICAL,intra_abdominal,Colloid-Based Resuscitation,0.48515511095594194,0.3674167625307793,3.74,72.13670229164958,0.0,0,0
scn_000242,CRITICAL,intra_abdominal,Aggressive Fluid-First,0.47680022812942763,0.3674167625307793,4.09,72.40011374064005,0.0,1,0
scn_000242,CRITICAL,intra_abdominal,Conservative Fluid + Early Antibiotics,0.46846819464576595,0.3737636145594702,4.5,71.14001727338922,0.0,0,0
scn_000002,LOW,urinary_tract,Aggressive Fluid-First,0.8822620464575507,0.9899999999999999,3.5,83.8413643050339,0.0,1,1
scn_000002,LOW,urinary_tract,Staged Reassessment,0.8810033967996274,0.9899999999999999,3.5,83.00226453308505,0.0,0,0
scn_000002,LOW,urinary_tract,Conservative Fluid + Early Antibiotics,0.8800473097611209,0.9899999999999999,3.5,82.36487317408071,0.0,0,0
scn_000402,HIGH,intra_abdominal,Dual Vasopressor Strategy,0.6194203210037633,0.5508742596901027,3.0,75.93051012646777,0.0,0,1
scn_000402,HIGH,intra_abdominal,Early Vasopressor + Fluids,0.6169701034458415,0.5508742596901027,3.0,74.29703175451988,0.0,0,0
scn_000402,HIGH,intra_abdominal,Aggressive Fluid-First,0.5978793899518189,0.5476933581193106,3.63,73.34225005348834,0.0,1,0
scn_000402,HIGH,intra_abdominal,Conservative Fluid + Early Antibiotics,0.5825800559917497,0.554055161260895,4.32,72.09797282347509,0.0,0,0
scn_000468,CRITICAL,skin_soft_tissue,Dual Vasopressor Strategy,0.49271064509050266,0.35151276708241047,3.14,73.53532322737091,0.0,0,1
scn_000468,CRITICAL,skin_soft_tissue,Early Vasopressor + Fluids,0.4745683960682744,0.35151276708241047,3.77,71.94049054588545,0.0,0,0
scn_000468,CRITICAL,skin_soft_tissue,Colloid-Based Resuscitation,0.4542337546841625,0.3303150626855049,4.0,70.69647804857306,0.0,0,0
scn_000468,CRITICAL,skin_soft_tissue,Aggressive Fluid-First,0.4463334383839064,0.33631506268550493,4.48,71.02960051506892,0.0,0,0
scn_000468,CRITICAL,skin_soft_tissue,Conservative Fluid + Early Antibiotics,0.3692860059182177,0.21271047147931602,4.5,69.43981535375207,0.0,1,0
scn_000487,CRITICAL,urinary_tract,Dual Vasopressor Strategy,0.5194453777202525,0.37208821110039514,3.0,80.79496737334364,0.0,0,1
scn_000487,CRITICAL,urinary_tract,Early Vasopressor + Fluids,0.5170031946956761,0.37208821110039514,3.0,79.16684535695939,0.0,0,0
scn_000487,CRITICAL,urinary_tract,Colloid-Based Resuscitation,0.5132266455607615,0.3688753634398585,3.0,77.9342849978976,0.0,0,0
scn_000487,CRITICAL,urinary_tract,Conservative Fluid + Early Antibiotics,0.5031167529386598,0.375301058760932,3.5,76.95741178806706,0.0,0,0
scn_000487,CRITICAL,urinary_tract,Aggressive Fluid-First,0.5011796638692922,0.3688753634398585,3.5,78.2362972035848,0.0,1,0
scn_000448,HIGH,urinary_tract,Dual Vasopressor Strategy,0.6188027189109863,0.5423445697519852,3.0,78.93065137319681,0.0,0,1
scn_000448,HIGH,urinary_tract,Conservative Fluid + Early Antibiotics,0.601451493607434,0.5440246900086163,3.5,75.02445306817613,0.0,0,0
scn_000448,HIGH,urinary_tract,Aggressive Fluid-First,0.5996271522729886,0.5376644494953541,3.5,76.35232171718405,0.0,1,0
scn_000220,HIGH,bloodstream,Dual Vasopressor Strategy,0.5505108559519258,0.4225945489105083,3.0,81.30275107041389,0.0,0,1
scn_000220,HIGH,bloodstream,Early Vasopressor + Fluids,0.5480688094666267,0.4225945489105083,3.0,79.67472008021453,0.0,0,0
scn_000220,HIGH,bloodstream,Conservative Fluid + Early Antibiotics,0.5341864706686034,0.4258207212502586,3.5,77.4626919456321,0.0,0,0
scn_000220,HIGH,bloodstream,Aggressive Fluid-First,0.5322422544373672,0.41936837657075826,3.5,78.74748566327482,0.0,1,0
scn_000277,CRITICAL,pulmonary,Dual Vasopressor Strategy,0.5182946485364016,0.401973597187226,3.29,72.90699348271066,0.0,0,1
scn_000277,CRITICAL,pulmonary,Early Vasopressor + Fluids,0.4923965071595112,0.3899735971872259,3.94,71.27489923145048,0.0,0,0
scn_000277,CRITICAL,pulmonary,Colloid-Based Resuscitation,0.43647624222665016,0.302763765682299,4.0,69.87865521151384,0.0,0,0
scn_000277,CRITICAL,pulmonary,Aggressive Fluid-First,0.43408615309638793,0.318763765682299,4.5,70.21859579133903,0.0,1,0
scn_000277,CRITICAL,pulmonary,Conservative Fluid + Early Antibiotics,0.36410269312252697,0.20718342869215303,4.5,68.19509060482345,0.0,0,0
scn_000077,MODERATE,bloodstream,Colloid-Based Resuscitation,0.7075824392418038,0.6946691581863778,3.0,77.18729621998474,0.0,0,1
scn_000077,MODERATE,bloodstream,Aggressive Fluid-First,0.7009688339147195,0.7036691581863778,3.5,77.51155933526188,0.0,1,0
scn_000077,MODERATE,bloodstream,Conservative Fluid + Early Antibiotics,0.6938978737161142,0.6950837072775332,3.5,76.23176623306288,0.0,0,0
scn_000077,MODERATE,bloodstream,Staged Reassessment,0.6851367646511746,0.6790473345496443,3.5,76.80557594759199,0.0,0,0
scn_000005,LOW,intra_abdominal,Aggressive Fluid-First,0.886279249387873,0.9899999999999999,3.5,86.51949959191539,0.0,1,1
scn_000005,LOW,intra_abdominal,Staged Reassessment,0.884937415301049,0.9899999999999999,3.5,85.62494353403275,0.0,0,0
scn_000005,LOW,intra_abdominal,Conservative Fluid + Early Antibiotics,0.8839541457244554,0.9899999999999999,3.5,84.96943048297038,0.0,0,0
scn_000337,LOW,bloodstream,Aggressive Fluid-First,0.8808019703694203,0.9899999999999999,3.5,82.86798024628033,0.0,1,1
scn_000337,LOW,bloodstream,Staged Reassessment,0.8795095582229346,0.9899999999999999,3.5,82.00637214862321,0.0,0,0
scn_000337,LOW,bloodstream,Conservative Fluid + Early Antibiotics,0.8785552971074493,0.9899999999999999,3.5,81.37019807163293,0.0,0,0
scn_000499,CRITICAL,urinary_tract,Dual Vasopressor Strategy,0.4485772869916731,0.27191112010504515,3.04,74.28707661909735,0.0,0,1
scn_000499,CRITICAL,urinary_tract,Early Vasopressor + Fluids,0.43815768146370837,0.27191112010504515,3.36,72.67400626712089,0.0,0,0
scn_000499,CRITICAL,urinary_tract,Colloid-Based Resuscitation,0.4186243273815607,0.2687029327338598,3.99,71.43504516082987,0.0,0,0
scn_000499,CRITICAL,urinary_tract,Aggressive Fluid-First,0.40938188285093335,0.2687029327338598,4.38,71.77341547374496,0.0,0,0
scn_000499,CRITICAL,urinary_tract,Conservative Fluid + Early Antibiotics,0.3964798498023223,0.25552626553979074,4.5,70.4427269856319,0.0,1,0
scn_000052,LOW,intra_abdominal,Aggressive Fluid-First,0.8809360177568094,0.9899999999999999,3.5,82.95734517120638,0.0,1,1
scn_000052,LOW,intra_abdominal,Staged Reassessment,0.8795500324136292,0.9899999999999999,3.5,82.03335494241952,0.0,0,0
scn_000052,LOW,intra_abdominal,Conservative Fluid + Early Antibiotics,0.878543347668948,0.9899999999999999,3.5,81.36223177929882,0.0,0,0
scn_000043,LOW,bloodstream,Aggressive Fluid-First,0.8812023991099645,0.9899999999999999,3.5,83.1349327399764,0.0,1,1
scn_000043,LOW,bloodstream,Staged Reassessment,0.879812040731632,0.9899999999999999,3.5,82.20802715442147,0.0,0,0
scn_000043,LOW,bloodstream,Conservative Fluid + Early Antibiotics,0.8787936434898445,0.9899999999999999,3.5,81.52909565989643,0.0,0,0
scn_000193,HIGH,bloodstream,Dual Vasopressor Strategy,0.5628298913580376,0.4415040390066689,3.0,81.9516453026909,0.0,0,1
scn_000193,HIGH,bloodstream,Colloid-Based Resuscitation,0.544884161048064,0.4187934064012303,3.0,79.07207813821728,0.0,0,0
scn_000193,HIGH,bloodstream,Conservative Fluid + Early Antibiotics,0.5348110582982359,0.4252146716121076,3.5,78.1215035539809,0.0,0,0
scn_000193,HIGH,bloodstream,Aggressive Fluid-First,0.5329446999291281,0.4187934064012303,3.5,79.44577072559322,0.0,1,0
scn_000304,LOW,skin_soft_tissue,Aggressive Fluid-First,0.8742978667303067,0.9899999999999999,3.5,78.53191115353793,0.0,1,1
scn_000304,LOW,skin_soft_tissue,Staged Reassessment,0.872898431795515,0.9899999999999999,3.5,77.59895453034345,0.0,0,0
scn_000304,LOW,skin_soft_tissue,Conservative Fluid + Early Antibiotics,0.8718913335404694,0.9899999999999999,3.5,76.92755569364643,0.0,0,0
scn_000427,HIGH,intra_abdominal,Dual Vasopressor Strategy,0.5771360871517568,0.4721114278242494,3.0,79.24615363813813,0.0,0,1
scn_000427,HIGH,intra_abdominal,Conservative Fluid + Early Antibiotics,0.5599231547498298,0.4737854127669928,3.5,75.43460472642272,0.0,0,0
scn_000427,HIGH,intra_abdominal,Aggressive Fluid-First,0.5580121032870369,0.467437442881506,3.5,76.69975837208887,0.0,1,0
scn_000307,LOW,skin_soft_tissue,Aggressive Fluid-First,0.8889824391124845,0.9899999999999999,3.5,88.32162607498978,0.0,1,1
scn_000307,LOW,skin_soft_tissue,Staged Reassessment,0.8877791256342484,0.9899999999999999,3.5,87.51941708949907,0.0,0,0
scn_000307,LOW,skin_soft_tissue,Conservative Fluid + Early Antibiotics,0.8868661700890481,0.9899999999999999,3.5,86.91078005936554,0.0,0,0
scn_000082,MODERATE,bloodstream,Aggressive Fluid-First,0.813771619717691,0.8850154464052128,3.5,80.17490124970894,0.0,1,1
scn_000082,MODERATE,bloodstream,Conservative Fluid + Early Antibiotics,0.8122683022704007,0.8868135786433325,3.5,78.45343672293411,0.0,0,0
scn_000082,MODERATE,bloodstream,Staged Reassessment,0.8038640565378123,0.8710682480480333,3.5,79.14873847266159,0.0,0,0
scn_000173,HIGH,urinary_tract,Dual Vasopressor Strategy,0.6183687478991564,0.5373629631238128,3.0,80.63398001657914,0.0,0,1
scn_000173,HIGH,urinary_tract,Colloid-Based Resuscitation,0.6085505285332552,0.5281692009363441,3.0,77.76600531429914,0.0,0,0
scn_000173,HIGH,urinary_tract,Conservative Fluid + Early Antibiotics,0.5984173566280714,0.5345567253112816,3.5,76.78888096086825,0.0,0,0
scn_000173,HIGH,urinary_tract,Aggressive Fluid-First,0.5964994036166067,0.5281692009363441,3.5,78.06525536986676,0.0,1,0
scn_000450,HIGH,urinary_tract,Dual Vasopressor Strategy,0.5844624946691128,0.48413025692269995,3.0,79.32289367699528,0.0,0,1
scn_000450,HIGH,urinary_tract,Conservative Fluid + Early Antibiotics,0.5601331719430288,0.47380473736803425,3.5,75.56688634813884,0.0,0,0
scn_000450,HIGH,urinary_tract,Aggressive Fluid-First,0.5582303633931602,0.4674557764773658,3.5,76.8379316711605,0.0,1,0
scn_000313,LOW,bloodstream,Aggressive Fluid-First,0.8772276819832191,0.9899999999999999,3.5,80.48512132214617,0.0,1,1
scn_000313,LOW,bloodstream,Staged Reassessment,0.8758712451394823,0.9899999999999999,3.5,79.58083009298838,0.0,0,0
scn_000313,LOW,bloodstream,Conservative Fluid + Early Antibiotics,0.8749003590003442,0.9899999999999999,3.5,78.93357266689628,0.0,0,0
scn_000377,MODERATE,skin_soft_tissue,Aggressive Fluid-First,0.7390094476041033,0.7652285222618762,3.5,78.2482228313184,0.0,1,1
scn_000377,MODERATE,skin_soft_tissue,Colloid-Based Resuscitation,0.7365056923004755,0.7412285222618762,3.0,77.84571929556654,0.0,0,0
scn_000377,MODERATE,skin_soft_tissue,Staged Reassessment,0.689685040975938,0.685182966402805,3.5,77.38350742283671,0.0,0,0
scn_000377,MODERATE,skin_soft_tissue,Conservative Fluid + Early Antibiotics,0.6848342388608586,0.6785922261679235,3.5,76.78593544006966,0.0,0,0
scn_000147,HIGH,intra_abdominal,Dual Vasopressor Strategy,0.6596075562766087,0.6116250361397116,3.0,78.42168972852122,0.0,0,1
scn_000147,HIGH,intra_abdominal,Early Vasopressor + Fluids,0.6571801513048312,0.6116250361397116,3.0,76.80341974733618,0.0,0,0
scn_000147,HIGH,intra_abdominal,Colloid-Based Resuscitation,0.6534220207828347,0.6084243772939298,3.0,75.57826293765125,0.0,0,0
scn_000147,HIGH,intra_abdominal,Conservative Fluid + Early Antibiotics,0.6433063684147065,0.6148256949854936,3.5,74.60730094894024,0.0,0,0
scn_000147,HIGH,intra_abdominal,Aggressive Fluid-First,0.6413724788965643,0.6084243772939298,3.5,75.8785683468043,0.0,1,0
scn_000389,MODERATE,pulmonary,Aggressive Fluid-First,0.8758529783797211,0.9899770616520002,3.5,79.57782759234736,0.0,1,1
scn_000389,MODERATE,pulmonary,Staged Reassessment,0.8743103274263851,0.9898756493675939,3.5,78.58995853721927,0.0,0,0
scn_000389,MODERATE,pulmonary,Conservative Fluid + Early Antibiotics,0.8733700739180755,0.9899999999999999,3.5,77.91338261205046,0.0,0,0
scn_000221,HIGH,intra_abdominal,Dual Vasopressor Strategy,0.6067856564498492,0.5211391554153405,3.0,79.40144213376324,0.0,0,1
scn_000221,HIGH,intra_abdominal,Colloid-Based Resuscitation,0.6006170696526749,0.5179512829044106,3.0,76.56419994001911,0.0,0,0
scn_000221,HIGH,intra_abdominal,Conservative Fluid + Early Antibiotics,0.5904848033301892,0.5243270279262706,3.5,75.59239104961786,0.0,0,0
scn_000221,HIGH,intra_abdominal,Aggressive Fluid-First,0.5885393271003392,0.5179512829044106,3.5,76.84570490512853,0.0,1,0
scn_000368,MODERATE,skin_soft_tissue,Conservative Fluid + Early Antibiotics,0.8509760074005804,0.9543688111189194,3.5,77.23648048615259,0.0,0,1
scn_000368,MODERATE,skin_soft_tissue,Aggressive Fluid-First,0.8496362562112503,0.947990923369231,3.5,78.89446812647448,0.0,1,0
scn_000368,MODERATE,skin_soft_tissue,Staged Reassessment,0.8424281625371204,0.9384240917446989,3.5,77.91580499353408,0.0,0,0
scn_000110,MODERATE,pulmonary,Colloid-Based Resuscitation,0.8783009634156564,0.9764183629568298,3.0,78.299963761039,0.0,0,1
scn_000110,MODERATE,pulmonary,Aggressive Fluid-First,0.8664664591540894,0.9764183629568298,3.5,78.74362758666099,0.0,1,0
scn_000110,MODERATE,pulmonary,Conservative Fluid + Early Antibiotics,0.8664296818101083,0.9804963768997265,3.5,77.08790378018165,0.0,0,0
scn_000110,MODERATE,pulmonary,Staged Reassessment,0.8600691065876017,0.9681840444538709,3.5,77.77245327685284,0.0,0,0
scn_000421,HIGH,urinary_tract,Dual Vasopressor Strategy,0.568469684434336,0.46081906357974084,3.0,77.98549752432764,0.0,0,1
scn_000421,HIGH,urinary_tract,Colloid-Based Resuscitation,0.5623700787241387,0.4576396145381687,3.0,75.19087333415833,0.0,0,0
scn_000421,HIGH,urinary_tract,Conservative Fluid + Early Antibiotics,0.55226163628939,0.4639985126213129,3.5,74.24168581106815,0.0,0,0
scn_000421,HIGH,urinary_tract,Aggressive Fluid-First,0.5503598133392679,0.4576396145381687,3.5,75.5173630775778,0.0,1,0
scn_000203,HIGH,skin_soft_tissue,Dual Vasopressor Strategy,0.5765878496331377,0.4815820413294932,3.01,75.25908322362783,0.0,0,1
scn_000203,HIGH,skin_soft_tissue,Early Vasopressor + Fluids,0.5736190434911189,0.4815820413294932,3.03,73.61321246228198,0.0,0,0
scn_000203,HIGH,skin_soft_tissue,Colloid-Based Resuscitation,0.5553010691224717,0.47838251392608555,3.61,72.34770717788021,0.0,0,0
scn_000203,HIGH,skin_soft_tissue,Aggressive Fluid-First,0.5488234034708097,0.47838251392608555,3.89,72.69593007677223,0.0,1,0
scn_000203,HIGH,skin_soft_tissue,Conservative Fluid + Early Antibiotics,0.5342056497303194,0.482781568732901,4.5,71.35780566038588,0.0,0,0
scn_000252,CRITICAL,skin_soft_tissue,Dual Vasopressor Strategy,0.48516523615817797,0.32745422911543615,3.0,75.79513245927753,0.0,0,1
scn_000252,CRITICAL,skin_soft_tissue,Early Vasopressor + Fluids,0.482474557623583,0.32745422911543615,3.01,74.16801343621418,0.0,0,0
scn_000252,CRITICAL,skin_soft_tissue,Colloid-Based Resuscitation,0.4745201913883171,0.3243633283492404,3.18,72.93479625251524,0.0,0,0
scn_000252,CRITICAL,skin_soft_tissue,Aggressive Fluid-First,0.4639776038633231,0.3243633283492404,3.62,73.2397379025192,0.0,1,0
scn_000252,CRITICAL,skin_soft_tissue,Conservative Fluid + Early Antibiotics,0.445014865186995,0.330545129881632,4.45,71.95852483867723,0.0,0,0
scn_000250,CRITICAL,bloodstream,Dual Vasopressor Strategy,0.5216736717996897,0.3891928524516623,3.0,75.43864021912822,0.0,0,1
scn_000250,CRITICAL,bloodstream,Early Vasopressor + Fluids,0.5185263956696651,0.3891928524516623,3.03,73.84045613244511,0.0,0,0
scn_000250,CRITICAL,bloodstream,Colloid-Based Resuscitation,0.5032801154976508,0.38605619843977634,3.49,72.59759762252334,0.0,0,0
scn_000250,CRITICAL,bloodstream,Aggressive Fluid-First,0.49908357990795615,0.38605619843977634,3.68,72.96657389606023,0.0,1,0
scn_000250,CRITICAL,bloodstream,Conservative Fluid + Early Antibiotics,0.4808557346338991,0.39232950646354814,4.48,71.63868717051349,0.0,0,0
scn_000121,MODERATE,pulmonary,Conservative Fluid + Early Antibiotics,0.6538359987724397,0.6344374442183728,3.5,73.78235482761075,0.0,0,1
scn_000121,MODERATE,pulmonary,Aggressive Fluid-First,0.6519715812941929,0.6280560368225587,3.5,75.09197280043844,0.0,1,0
scn_000121,MODERATE,pulmonary,Staged Reassessment,0.6451568090238287,0.6184839257288378,3.5,74.3776357243506,0.0,0,0
scn_000158,HIGH,urinary_tract,Dual Vasopressor Strategy,0.6635118159729639,0.6106501650179699,3.0,81.41447797478807,0.0,0,1
scn_000158,HIGH,urinary_tract,Colloid-Based Resuscitation,0.6573317590094754,0.6074751606753916,3.0,78.56444173616035,0.0,0,0
scn_000158,HIGH,urinary_tract,Conservative Fluid + Early Antibiotics,0.6471650411647478,0.6138251693605479,3.5,77.57995969894613,0.0,0,0
scn_000158,HIGH,urinary_tract,Aggressive Fluid-First,0.6451796438545762,0.6074751606753916,3.5,78.79636496622747,0.0,1,0
scn_000061,MODERATE,skin_soft_tissue,Colloid-Based Resuscitation,0.7898564345689432,0.8378079070373521,3.0,74.78112689768794,0.0,0,1
scn_000061,MODERATE,skin_soft_tissue,Conservative Fluid + Early Antibiotics,0.779700681343075,0.8441759020123442,3.5,73.79676009044574,0.0,0,0
scn_000061,MODERATE,skin_soft_tissue,Aggressive Fluid-First,0.7777875297873993,0.8378079070373521,3.5,75.068523709992,0.0,1,0
scn_000061,MODERATE,skin_soft_tissue,Staged Reassessment,0.7710158004393686,0.8282559145748641,3.5,74.37483446296676,0.0,0,0
scn_000190,HIGH,bloodstream,Dual Vasopressor Strategy,0.5768274378237883,0.4763487703840365,3.0,77.34545039557761,0.0,0,1
scn_000190,HIGH,bloodstream,Colloid-Based Resuscitation,0.5679835012823897,0.468642223794983,3.0,74.53211133693327,0.0,0,0
scn_000190,HIGH,bloodstream,Conservative Fluid + Early Antibiotics,0.5578902776935846,0.4750553169730901,3.5,73.57139167315371,0.0,0,0
scn_000190,HIGH,bloodstream,Aggressive Fluid-First,0.5559182389720302,0.468642223794983,3.5,74.82193646336027,0.0,1,0
scn_000171,HIGH,intra_abdominal,Dual Vasopressor Strategy,0.657003431275446,0.6109524947516735,3.0,76.95462294962798,0.0,0,1
scn_000171,HIGH,intra_abdominal,Early Vasopressor + Fluids,0.6545847662620876,0.6109524947516735,3.0,75.34217960738903,0.0,0,0
scn_000171,HIGH,intra_abdominal,Colloid-Based Resuscitation,0.6508155442290342,0.6077695343634715,3.0,74.10254907396751,0.0,0,0
scn_000171,HIGH,intra_abdominal,Conservative Fluid + Early Antibiotics,0.6391838976868615,0.6141354551398753,3.56,73.13508306862416,0.0,0,0
scn_000171,HIGH,intra_abdominal,Aggressive Fluid-First,0.6388267007695547,0.6077695343634715,3.5,74.44332010098123,0.0,1,0
scn_000016,LOW,intra_abdominal,Aggressive Fluid-First,0.8844985825471395,0.9899999999999999,3.5,85.33238836475982,0.0,1,1
scn_000016,LOW,intra_abdominal,Staged Reassessment,0.8831606083902619,0.9899999999999999,3.5,84.44040559350799,0.0,0,0
scn_000016,LOW,intra_abdominal,Conservative Fluid + Early Antibiotics,0.882184138424281,0.9899999999999999,3.5,83.78942561618743,0.0,0,0
scn_000243,CRITICAL,urinary_tract,Dual Vasopressor Strategy,0.4710294955680291,0.3023628992316841,3.0,76.40783735267908,0.0,0,1
scn_000243,CRITICAL,urinary_tract,Early Vasopressor + Fluids,0.4686979200671616,0.3023628992316841,3.0,74.85345368543409,0.0,0,0
scn_000243,CRITICAL,urinary_tract,Colloid-Based Resuscitation,0.46471090091400014,0.2991428229361135,3.01,73.65013810155472,0.0,0,0
scn_000243,CRITICAL,urinary_tract,Aggressive Fluid-First,0.4527311105995182,0.2991428229361135,3.51,73.99694455856671,0.0,1,0
scn_000243,CRITICAL,urinary_tract,Conservative Fluid + Early Antibiotics,0.4479260471681644,0.3055829755272548,3.78,72.71750790120772,0.0,0,0
scn_000213,HIGH,intra_abdominal,Dual Vasopressor Strategy,0.6262116240426511,0.5475991052226955,3.0,81.76810727268918,0.0,0,1
scn_000213,HIGH,intra_abdominal,Colloid-Based Resuscitation,0.5438469903354083,0.41839912876946683,3.0,78.53834204915216,0.0,0,0
scn_000213,HIGH,intra_abdominal,Conservative Fluid + Early Antibiotics,0.5337682316015483,0.4247990816759243,3.5,77.59252173066247,0.0,0,0
scn_000213,HIGH,intra_abdominal,Aggressive Fluid-First,0.5318799148374203,0.41839912876946683,3.5,78.89362505049347,0.0,1,0
scn_000490,CRITICAL,bloodstream,Dual Vasopressor Strategy,0.48380877121713217,0.329651170795399,3.03,74.51204582659517,0.0,0,1
scn_000490,CRITICAL,bloodstream,Early Vasopressor + Fluids,0.47509090573868207,0.329651170795399,3.28,72.86680217429509,0.0,0,0
scn_000490,CRITICAL,bloodstream,Colloid-Based Resuscitation,0.4545930397665623,0.32650245577446746,3.95,71.62771086792121,0.0,0,0
scn_000490,CRITICAL,bloodstream,Aggressive Fluid-First,0.4467796001694899,0.32650245577446746,4.28,71.91875113653965,0.0,1,0
scn_000490,CRITICAL,bloodstream,Conservative Fluid + Early Antibiotics,0.43591823863175966,0.3207998858163305,4.5,70.6255380946409,0.0,0,0
scn_000222,HIGH,skin_soft_tissue,Dual Vasopressor Strategy,0.5943442545931573,0.49698885507704277,3.0,80.76729436462114,0.0,0,1
scn_000222,HIGH,skin_soft_tissue,Conservative Fluid + Early Antibiotics,0.568114602134396,0.48365961442117567,3.5,76.94588898779371,0.0,0,0
scn_000222,HIGH,skin_soft_tissue,Aggressive Fluid-First,0.5662488320118216,0.47731809573291023,3.5,78.23864971471703,0.0,1,0
scn_000454,CRITICAL,skin_soft_tissue,Dual Vasopressor Strategy,0.5245076250567846,0.3901079069018985,3.0,76.96192061043034,0.0,0,1
scn_000454,CRITICAL,skin_soft_tissue,Early Vasopressor + Fluids,0.522078372358302,0.3901079069018985,3.0,75.34241881144197,0.0,0,0
scn_000454,CRITICAL,skin_soft_tissue,Colloid-Based Resuscitation,0.5183251897035499,0.3869471725097433,3.0,74.10459079846932,0.0,0,0
scn_000454,CRITICAL,skin_soft_tissue,Conservative Fluid + Early Antibiotics,0.5071605193550467,0.39326864129405364,3.54,73.13288971907632,0.0,0,0
scn_000454,CRITICAL,skin_soft_tissue,Aggressive Fluid-First,0.5063147281526056,0.3869471725097433,3.5,74.43094976450641,0.0,1,0
scn_000224,HIGH,bloodstream,Dual Vasopressor Strategy,0.6186491847249146,0.5509906312799957,3.0,75.36987063794477,0.0,0,1
scn_000224,HIGH,bloodstream,Aggressive Fluid-First,0.5908516402117243,0.5478066672989431,3.88,72.77842655490562,0.0,1,0
scn_000224,HIGH,bloodstream,Conservative Fluid + Early Antibiotics,0.5773509543027011,0.5541745952610482,4.5,71.5641314307148,0.0,0,0
scn_000030,LOW,urinary_tract,Aggressive Fluid-First,0.8788602954948166,0.9899999999999999,3.5,81.5735303298778,0.0,1,1
scn_000030,LOW,urinary_tract,Staged Reassessment,0.8774701108492464,0.9899999999999999,3.5,80.64674056616441,0.0,0,0
scn_000030,LOW,urinary_tract,Conservative Fluid + Early Antibiotics,0.8764746399797749,0.9899999999999999,3.5,79.98309331985003,0.0,0,0
scn_000161,HIGH,pulmonary,Dual Vasopressor Strategy,0.6298352504046167,0.5595315703032429,3.0,79.41087214844737,0.0,0,1
scn_000161,HIGH,pulmonary,Early Vasopressor + Fluids,0.6274252175875186,0.5595315703032429,3.0,77.80418360371527,0.0,0,0
scn_000161,HIGH,pulmonary,Conservative Fluid + Early Antibiotics,0.6135237887636971,0.5626771379428018,3.5,75.61167066534392,0.0,0,0
scn_000161,HIGH,pulmonary,Aggressive Fluid-First,0.6116823280952356,0.5563860026636838,3.5,76.90048433135028,0.0,1,0
scn_000489,CRITICAL,intra_abdominal,Dual Vasopressor Strategy,0.4995714559904083,0.34238480940635646,3.0,79.42704689772961,0.0,0,1
scn_000489,CRITICAL,intra_abdominal,Early Vasopressor + Fluids,0.4971673811942545,0.34238480940635646,3.0,77.82433036696042,0.0,0,0
scn_000489,CRITICAL,intra_abdominal,Colloid-Based Resuscitation,0.4933805775622799,0.3391641565272419,3.0,76.58805576395649,0.0,0,0
scn_000489,CRITICAL,intra_abdominal,Conservative Fluid + Early Antibiotics,0.4833029161395252,0.3456054622854712,3.5,75.62642584549499,0.0,0,0
scn_000489,CRITICAL,intra_abdominal,Aggressive Fluid-First,0.4814022530538851,0.3391641565272419,3.5,76.93583942502666,0.0,1,0
scn_000340,LOW,skin_soft_tissue,Colloid-Based Resuscitation,0.8970321745096514,0.9899999999999999,3.0,85.35478300643433,0.0,0,1
scn_000340,LOW,skin_soft_tissue,Aggressive Fluid-First,0.885039250822491,0.9899999999999999,3.5,85.6928338816608,0.0,1,0
scn_000340,LOW,skin_soft_tissue,Staged Reassessment,0.8836712583720151,0.9899999999999999,3.5,84.78083891467682,0.0,0,0
scn_000340,LOW,skin_soft_tissue,Conservative Fluid + Early Antibiotics,0.8826992859113127,0.9899999999999999,3.5,84.1328572742086,0.0,0,0
scn_000247,CRITICAL,pulmonary,Dual Vasopressor Strategy,0.49318261877624736,0.3415274596487287,3.0,75.5107619913401,0.0,0,1
scn_000247,CRITICAL,pulmonary,Early Vasopressor + Fluids,0.49031190540157066,0.3415274596487287,3.02,73.93028640822232,0.0,0,0
scn_000247,CRITICAL,pulmonary,Colloid-Based Resuscitation,0.47881009780467415,0.33832936860534124,3.33,72.70831776097961,0.0,0,0
scn_000247,CRITICAL,pulmonary,Aggressive Fluid-First,0.47033393854605354,0.33832936860534124,3.69,73.0575449218992,0.0,1,0
scn_000247,CRITICAL,pulmonary,Conservative Fluid + Early Antibiotics,0.4524753790319332,0.3447255506921163,4.48,71.76003241110895,0.0,0,0
scn_000320,LOW,intra_abdominal,Colloid-Based Resuscitation,0.8925154634193062,0.9899999999999999,3.0,82.3436422795375,0.0,0,1
scn_000320,LOW,intra_abdominal,Aggressive Fluid-First,0.8805947946891571,0.9899999999999999,3.5,82.72986312610489,0.0,1,0
scn_000320,LOW,intra_abdominal,Staged Reassessment,0.8793609205673815,0.9899999999999999,3.5,81.90728037825441,0.0,0,0
scn_000320,LOW,intra_abdominal,Conservative Fluid + Early Antibiotics,0.8784222844117475,0.9899999999999999,3.5,81.28152294116511,0.0,0,0
scn_000460,CRITICAL,skin_soft_tissue,Dual Vasopressor Strategy,0.5146552333966444,0.3808098040396723,3.01,74.27956731522738,0.0,0,1
scn_000460,CRITICAL,skin_soft_tissue,Early Vasopressor + Fluids,0.5032784794612354,0.3808098040396723,3.37,72.69506469162134,0.0,0,0
scn_000460,CRITICAL,skin_soft_tissue,Aggressive Fluid-First,0.4747598379707928,0.37763059867020715,4.38,71.78765251244569,0.0,0,0
scn_000460,CRITICAL,skin_soft_tissue,Conservative Fluid + Early Antibiotics,0.4640979255832621,0.36798900940913737,4.5,70.53634662518651,0.0,1,0
scn_000125,MODERATE,skin_soft_tissue,Colloid-Based Resuscitation,0.7833509396309952,0.8190387335029901,3.0,77.9517996861342,0.0,0,1
scn_000125,MODERATE,skin_soft_tissue,Conservative Fluid + Early Antibiotics,0.7728335188563104,0.8254732596382865,3.5,76.69970871555901,0.0,0,0
scn_000125,MODERATE,skin_soft_tissue,Aggressive Fluid-First,0.7712659407874525,0.8190387335029901,3.5,78.2284671237723,0.0,1,0
scn_000125,MODERATE,skin_soft_tissue,Staged Reassessment,0.76412436375226,0.809386944300045,3.5,77.3281314481554,0.0,0,0
scn_000042,LOW,pulmonary,Aggressive Fluid-First,0.8863070789575972,0.9899999999999999,3.5,86.53805263839826,0.0,1,1
scn_000042,LOW,pulmonary,Staged Reassessment,0.8849731201238638,0.9899999999999999,3.5,85.64874674924258,0.0,0,0
scn_000042,LOW,pulmonary,Conservative Fluid + Early Antibiotics,0.8839993358094274,0.9899999999999999,3.5,84.99955720628498,0.0,0,0
scn_000400,HIGH,skin_soft_tissue,Dual Vasopressor Strategy,0.5934806166613253,0.4923969178446863,3.0,82.02831063634235,0.0,0,1
scn_000400,HIGH,skin_soft_tissue,Early Vasopressor + Fluids,0.5910129534401343,0.4923969178446863,3.0,80.38320182221501,0.0,0,0
scn_000400,HIGH,skin_soft_tissue,Colloid-Based Resuscitation,0.5872134798080073,0.4891759463224578,3.0,79.13860800968843,0.0,0,0
scn_000400,HIGH,skin_soft_tissue,Conservative Fluid + Early Antibiotics,0.577098047701967,0.4956178893669151,3.5,78.151542721212,0.0,0,0
scn_000400,HIGH,skin_soft_tissue,Aggressive Fluid-First,0.5751684978219823,0.4891759463224578,3.5,79.44195335233844,0.0,1,0
scn_000430,HIGH,intra_abdominal,Dual Vasopressor Strategy,0.6253163784844273,0.5637886486842526,3.01,74.86212618258388,0.0,0,1
scn_000430,HIGH,intra_abdominal,Aggressive Fluid-First,0.5944071231781906,0.5605310526662459,4.02,72.39232771896198,0.0,1,0
scn_000430,HIGH,intra_abdominal,Conservative Fluid + Early Antibiotics,0.5843746729815489,0.5670462447022593,4.5,71.0979507734622,0.0,0,0
scn_000465,CRITICAL,intra_abdominal,Dual Vasopressor Strategy,0.5341837854673928,0.4116933656263629,3.01,74.94517739438339,0.0,0,1
scn_000465,CRITICAL,intra_abdominal,Early Vasopressor + Fluids,0.5287745546088414,0.4116933656263629,3.13,73.33902348868247,0.0,0,0
scn_000465,CRITICAL,intra_abdominal,Colloid-Based Resuscitation,0.5095760302326802,0.4084909086361956,3.75,72.15432336730855,0.0,0,0
scn_000465,CRITICAL,intra_abdominal,Aggressive Fluid-First,0.5034198789625579,0.4084909086361956,4.01,72.38355585389375,0.0,1,0
scn_000465,CRITICAL,intra_abdominal,Conservative Fluid + Early Antibiotics,0.4932234401057503,0.41489582261653046,4.5,71.190631023888,0.0,0,0
scn_000475,CRITICAL,skin_soft_tissue,Dual Vasopressor Strategy,0.46846594436787425,0.30136414640115095,3.01,75.26497101812241,0.0,0,1
scn_000475,CRITICAL,skin_soft_tissue,Early Vasopressor + Fluids,0.46345146655913655,0.30136414640115095,3.11,73.588652478964,0.0,0,0
scn_000475,CRITICAL,skin_soft_tissue,Colloid-Based Resuscitation,0.4484113917395102,0.2981703530748049,3.56,72.33945326308489,0.0,0,0
scn_000475,CRITICAL,skin_soft_tissue,Aggressive Fluid-First,0.4413123219949796,0.2981703530748049,3.86,72.60674010006446,0.0,1,0
scn_000475,CRITICAL,skin_soft_tissue,Conservative Fluid + Early Antibiotics,0.42723525704588305,0.3045579397274971,4.5,71.33366213958985,0.0,0,0
scn_000205,HIGH,bloodstream,Dual Vasopressor Strategy,0.5532513415493296,0.4359996686211944,3.0,77.7676935844087,0.0,0,1
scn_000205,HIGH,bloodstream,Colloid-Based Resuscitation,0.5434786895110889,0.4268417826048471,3.0,74.91574663212043,0.0,0,0
scn_000205,HIGH,bloodstream,Conservative Fluid + Early Antibiotics,0.5333066073229671,0.4331575546375416,3.5,73.94138302696145,0.0,0,0
scn_000205,HIGH,bloodstream,Aggressive Fluid-First,0.5314159261836496,0.4268417826048471,3.5,75.20723774716093,0.0,1,0
scn_000381,MODERATE,urinary_tract,Colloid-Based Resuscitation,0.830302769656319,0.8878307023615788,3.0,81.73623215958116,0.0,0,1
scn_000381,MODERATE,urinary_tract,Conservative Fluid + Early Antibiotics,0.819574649718542,0.894199929516259,3.5,80.36979467252443,0.0,0,0
scn_000381,MODERATE,urinary_tract,Aggressive Fluid-First,0.818405119666612,0.8878307023615788,3.5,82.1377988331099,0.0,1,0
scn_000381,MODERATE,urinary_tract,Staged Reassessment,0.8110930753096401,0.878276861629559,3.5,81.08463888793655,0.0,0,0
scn_000212,HIGH,bloodstream,Dual Vasopressor Strategy,0.6378370405463141,0.5686644876716886,3.0,81.09223196220061,0.0,0,1
scn_000212,HIGH,bloodstream,Conservative Fluid + Early Antibiotics,0.5798397352510728,0.5028135531367333,3.5,77.10106891268855,0.0,0,0
scn_000212,HIGH,bloodstream,Aggressive Fluid-First,0.5779280562528012,0.4965154222066444,3.5,78.3458686192097,0.0,1,0
scn_000186,HIGH,intra_abdominal,Dual Vasopressor Strategy,0.6359261923850927,0.562082924556918,3.0,82.45095843396133,0.0,0,1
scn_000186,HIGH,intra_abdominal,Colloid-Based Resuscitation,0.5439269064500726,0.4179360054896306,3.0,78.77686877086283,0.0,0,0
scn_000186,HIGH,intra_abdominal,Aggressive Fluid-First,0.5426336885096037,0.43593600548963063,3.5,79.04805681055024,0.0,1,0
scn_000186,HIGH,intra_abdominal,Conservative Fluid + Early Antibiotics,0.5328111696820764,0.4227298436242053,3.5,77.78217567170215,0.0,0,0
scn_000259,CRITICAL,intra_abdominal,Dual Vasopressor Strategy,0.4879458742933249,0.3292893883867575,3.0,76.9148275075136,0.0,0,1
scn_000259,CRITICAL,intra_abdominal,Early Vasopressor + Fluids,0.48552460566095057,0.3292893883867575,3.0,75.30064841926404,0.0,0,0
scn_000259,CRITICAL,intra_abdominal,Colloid-Based Resuscitation,0.48180310309454677,0.3261501939555271,3.0,74.07532448082036,0.0,0,0
scn_000259,CRITICAL,intra_abdominal,Conservative Fluid + Early Antibiotics,0.47011737523259867,0.33242858281798804,3.56,73.1068170278706,0.0,0,0
scn_000259,CRITICAL,intra_abdominal,Aggressive Fluid-First,0.46951319451549683,0.3261501939555271,3.51,74.38205209478706,0.0,1,0
scn_000278,CRITICAL,urinary_tract,Dual Vasopressor Strategy,0.5001104462140306,0.35300711999937173,3.0,75.53744947627169,0.0,0,1
scn_000278,CRITICAL,urinary_tract,Early Vasopressor + Fluids,0.49666640844977483,0.35300711999937173,3.04,73.90809096676786,0.0,0,0
scn_000278,CRITICAL,urinary_tract,Colloid-Based Resuscitation,0.4839218886859918,0.34977009052570396,3.4,72.70655624704627,0.0,0,0
scn_000278,CRITICAL,urinary_tract,Aggressive Fluid-First,0.47551977736997453,0.34977009052570396,3.75,72.9384820363681,0.0,1,0
scn_000278,CRITICAL,urinary_tract,Conservative Fluid + Early Antibiotics,0.4598399013958395,0.3562441494730393,4.46,71.72894114134397,0.0,0,0
scn_000358,MODERATE,skin_soft_tissue,Conservative Fluid + Early Antibiotics,0.7955473544591163,0.8552301914201403,3.5,79.93949307135475,0.0,0,1
scn_000358,MODERATE,skin_soft_tissue,Aggressive Fluid-First,0.7943285767013748,0.8488081303216718,3.5,81.69579900558121,0.0,1,0
scn_000358,MODERATE,skin_soft_tissue,Staged Reassessment,0.7869848879466278,0.8391750386739686,3.5,80.65324316149778,0.0,0,0
scn_000051,LOW,urinary_tract,Aggressive Fluid-First,0.8900415305714353,0.9899999999999999,3.5,89.02768704762364,0.0,1,1
scn_000051,LOW,urinary_tract,Staged Reassessment,0.8887337364389206,0.9899999999999999,3.5,88.15582429261389,0.0,0,0
scn_000051,LOW,urinary_tract,Conservative Fluid + Early Antibiotics,0.8877636199598528,0.9899999999999999,3.5,87.50907997323529,0.0,0,0
scn_000079,MODERATE,urinary_tract,Aggressive Fluid-First,0.8188566189579582,0.9001458117670876,3.5,77.51275459847045,0.0,1,1
scn_000079,MODERATE,urinary_tract,Conservative Fluid + Early Antibiotics,0.7898347139097595,0.8550129180315387,3.5,76.21797539389092,0.0,0,0
scn_000079,MODERATE,urinary_tract,Staged Reassessment,0.7835873953123754,0.8432133455483808,3.5,76.77292532223133,0.0,0,0
scn_000238,CRITICAL,skin_soft_tissue,Dual Vasopressor Strategy,0.52319268168664,0.39089664967367294,3.0,75.76979458829086,0.0,0,1
scn_000238,CRITICAL,skin_soft_tissue,Early Vasopressor + Fluids,0.5204883977500918,0.39089664967367294,3.01,74.13360529725871,0.0,0,0
scn_000238,CRITICAL,skin_soft_tissue,Colloid-Based Resuscitation,0.5104171763493436,0.3877151588927867,3.26,72.85872067578104,0.0,0,0
scn_000238,CRITICAL,skin_soft_tissue,Aggressive Fluid-First,0.5014919553741285,0.3877151588927867,3.64,73.2419066923043,0.0,1,0
scn_000238,CRITICAL,skin_soft_tissue,Conservative Fluid + Early Antibiotics,0.48301239492447806,0.3940781404545591,4.45,71.87700710116174,0.0,0,0
scn_000128,MODERATE,intra_abdominal,Colloid-Based Resuscitation,0.8468053085916881,0.9185411412767618,3.0,80.45374921708742,0.0,0,1
scn_000128,MODERATE,intra_abdominal,Conservative Fluid + Early Antibiotics,0.8363065897976428,0.924948770534965,3.5,79.2248849844426,0.0,0,0
scn_000128,MODERATE,intra_abdominal,Aggressive Fluid-First,0.834980716475293,0.9185411412767618,3.5,80.90402113949071,0.0,1,0
scn_000128,MODERATE,intra_abdominal,Staged Reassessment,0.8277359237206048,0.9089296973894566,3.5,79.91873685795396,0.0,0,0
scn_000452,CRITICAL,intra_abdominal,Dual Vasopressor Strategy,0.5322972543518012,0.39851028718911174,3.0,78.79405469222276,0.0,0,1
scn_000452,CRITICAL,intra_abdominal,Early Vasopressor + Fluids,0.5298661411744836,0.39851028718911174,3.0,77.17331257401106,0.0,0,0
scn_000452,CRITICAL,intra_abdominal,Colloid-Based Resuscitation,0.5261399000072154,0.39539159542097735,3.0,75.93662850308606,0.0,0,0
scn_000452,CRITICAL,intra_abdominal,Conservative Fluid + Early Antibiotics,0.5159236622225863,0.40162897895724625,3.5,74.96418323215904,0.0,0,0
scn_000452,CRITICAL,intra_abdominal,Aggressive Fluid-First,0.514122909938838,0.39539159542097735,3.5,76.25863512416778,0.0,1,0
scn_000115,MODERATE,intra_abdominal,Colloid-Based Resuscitation,0.8142645680610995,0.8663790271289601,3.0,79.62476785581569,0.0,0,1
scn_000115,MODERATE,intra_abdominal,Conservative Fluid + Early Antibiotics,0.8036817000341108,0.8726697853521472,3.5,78.38655254854837,0.0,0,0
scn_000115,MODERATE,intra_abdominal,Aggressive Fluid-First,0.8024007483045879,0.8663790271289601,3.5,80.0488880181412,0.0,1,0
scn_000115,MODERATE,intra_abdominal,Staged Reassessment,0.7952669007324071,0.8569428897941794,3.5,79.06744457059966,0.0,0,0
scn_000285,CRITICAL,intra_abdominal,Dual Vasopressor Strategy,0.5303277242395099,0.4008183050124302,3.0,76.55782748803456,0.0,0,1
scn_000285,CRITICAL,intra_abdominal,Early Vasopressor + Fluids,0.5279561007420915,0.4008183050124302,3.0,74.97674515642231,0.0,0,0
scn_000285,CRITICAL,intra_abdominal,Colloid-Based Resuscitation,0.5236925036489606,0.39763887593315567,3.02,73.73945205937815,0.0,0,0
scn_000285,CRITICAL,intra_abdominal,Aggressive Fluid-First,0.5117655680930272,0.39763887593315567,3.52,74.12149502208918,0.0,1,0
scn_000285,CRITICAL,intra_abdominal,Conservative Fluid + Early Antibiotics,0.5088348444456389,0.4039977340917046,3.71,72.79080266041078,0.0,0,0
scn_000076,MODERATE,bloodstream,Conservative Fluid + Early Antibiotics,0.8315213747569554,0.9257610939676497,3.5,75.70981225091037,0.0,0,1
scn_000076,MODERATE,bloodstream,Aggressive Fluid-First,0.8299763792311367,0.9193118070975139,3.5,77.25952998175222,0.0,1,0
scn_000076,MODERATE,bloodstream,Staged Reassessment,0.822796992771438,0.9096378767923103,3.5,76.34284446403463,0.0,0,0
scn_000055,LOW,intra_abdominal,Aggressive Fluid-First,0.883202804048581,0.9899999999999999,3.5,84.46853603238743,0.0,1,1
scn_000055,LOW,intra_abdominal,Staged Reassessment,0.8819399139081396,0.9899999999999999,3.5,83.62660927209325,0.0,0,0
scn_000055,LOW,intra_abdominal,Conservative Fluid + Early Antibiotics,0.8809871889476917,0.9899999999999999,3.5,82.99145929846124,0.0,0,0
scn_000132,MODERATE,urinary_tract,Conservative Fluid + Early Antibiotics,0.790823137790913,0.8432199143631256,3.5,81.59412611535836,0.0,0,1
scn_000132,MODERATE,urinary_tract,Aggressive Fluid-First,0.7895256028193967,0.8369009443957858,3.5,83.25669078795013,0.0,1,0
scn_000132,MODERATE,urinary_tract,Staged Reassessment,0.7823682252954399,0.8274224894447761,3.5,82.27648775238288,0.0,0,0
scn_000406,HIGH,pulmonary,Dual Vasopressor Strategy,0.5747391756411949,0.4719345481327928,3.0,77.71896450767952,0.0,0,1
scn_000406,HIGH,pulmonary,Early Vasopressor + Fluids,0.5723446607931902,0.4719345481327928,3.0,76.12262127567642,0.0,0,0
scn_000406,HIGH,pulmonary,Colloid-Based Resuscitation,0.5685799384425477,0.46872574423456137,3.0,74.89632793454066,0.0,0,0
scn_000406,HIGH,pulmonary,Conservative Fluid + Early Antibiotics,0.5584937942116227,0.4751433520310242,3.5,73.9385219953388,0.0,0,0
scn_000406,HIGH,pulmonary,Aggressive Fluid-First,0.5565828244932489,0.46872574423456137,3.5,75.23158530167473,0.0,1,0
scn_000303,LOW,urinary_tract,Colloid-Based Resuscitation,0.8863739203866641,0.9899999999999999,3.0,78.2492802577761,0.0,0,1
scn_000303,LOW,urinary_tract,Aggressive Fluid-First,0.8745159954024885,0.9899999999999999,3.5,78.67733026832579,0.0,1,0
scn_000303,LOW,urinary_tract,Staged Reassessment,0.873065266353585,0.9899999999999999,3.5,77.71017756905673,0.0,0,0
scn_000303,LOW,urinary_tract,Conservative Fluid + Early Antibiotics,0.8720329909802065,0.9899999999999999,3.5,77.02199398680447,0.0,0,0
scn_000027,LOW,urinary_tract,Colloid-Based Resuscitation,0.898208193064935,0.9899999999999999,3.0,86.13879537662346,0.0,0,1
scn_000027,LOW,urinary_tract,Aggressive Fluid-First,0.8862697295880309,0.9899999999999999,3.5,86.51315305868738,0.0,1,0
scn_000027,LOW,urinary_tract,Staged Reassessment,0.884868324047438,0.9899999999999999,3.5,85.57888269829209,0.0,0,0
scn_000027,LOW,urinary_tract,Conservative Fluid + Early Antibiotics,0.8838723111842436,0.9899999999999999,3.5,84.91487412282918,0.0,0,0
scn_000208,HIGH,urinary_tract,Dual Vasopressor Strategy,0.5856617729184875,0.489270115088805,3.0,78.06646924346967,0.0,0,1
scn_000208,HIGH,urinary_tract,Early Vasopressor + Fluids,0.5832380418986829,0.489270115088805,3.0,76.45064856359991,0.0,0,0
scn_000208,HIGH,urinary_tract,Conservative Fluid + Early Antibiotics,0.5693380196204555,0.4924088023279842,3.5,74.26182548244336,0.0,0,0
scn_000208,HIGH,urinary_tract,Aggressive Fluid-First,0.5674625028576871,0.48613142784962604,3.5,75.52243076527431,0.0,1,0
scn_000371,MODERATE,skin_soft_tissue,Aggressive Fluid-First,0.8016506825006501,0.8767011525600616,3.51,75.58666064307546,0.0,1,1
scn_000371,MODERATE,skin_soft_tissue,Conservative Fluid + Early Antibiotics,0.7997220469560855,0.8830093229687137,3.64,73.94430211657152,0.0,0,0
scn_000371,MODERATE,skin_soft_tissue,Staged Reassessment,0.793526653780117,0.8672388969470834,3.55,74.62221040791131,0.0,0,0
scn_000256,CRITICAL,intra_abdominal,Dual Vasopressor Strategy,0.5279343994745204,0.39200984977075665,3.0,78.4856597413776,0.0,0,1
scn_000256,CRITICAL,intra_abdominal,Early Vasopressor + Fluids,0.5254731694266234,0.39200984977075665,3.0,76.84483970944628,0.0,0,0
scn_000256,CRITICAL,intra_abdominal,Colloid-Based Resuscitation,0.5216972729391696,0.3887990642504735,3.0,75.61188959259032,0.0,0,0
scn_000256,CRITICAL,intra_abdominal,Conservative Fluid + Early Antibiotics,0.5115734775347711,0.3952206352910397,3.5,74.62739757343154,0.0,0,0
scn_000256,CRITICAL,intra_abdominal,Aggressive Fluid-First,0.5096233878539067,0.3887990642504735,3.5,75.89596620241507,0.0,1,0
scn_000154,HIGH,intra_abdominal,Dual Vasopressor Strategy,0.6699533051582057,0.6229380900682405,3.0,80.7936340781743,0.0,0,1
scn_000154,HIGH,intra_abdominal,Conservative Fluid + Early Antibiotics,0.6526961849685587,0.6246338292805629,3.5,76.94392493348072,0.0,0,0
scn_000154,HIGH,intra_abdominal,Aggressive Fluid-First,0.6507415392682809,0.6182423508559185,3.5,78.1974191698199,0.0,1,0
scn_000261,CRITICAL,bloodstream,Dual Vasopressor Strategy,0.48987051432462214,0.33013251192271903,3.0,77.8606714473272,0.0,0,1
scn_000261,CRITICAL,bloodstream,Early Vasopressor + Fluids,0.48739684780710524,0.33013251192271903,3.0,76.21156043564925,0.0,0,0
scn_000261,CRITICAL,bloodstream,Colloid-Based Resuscitation,0.4836372161916632,0.32697113003001577,3.0,74.96969211576919,0.0,0,0
scn_000261,CRITICAL,bloodstream,Conservative Fluid + Early Antibiotics,0.47344667455239686,0.33329389381542207,3.5,73.9802255087624,0.0,0,0
scn_000261,CRITICAL,bloodstream,Aggressive Fluid-First,0.47157435520134233,0.32697113003001577,3.5,75.26111812222193,0.0,1,0
scn_000169,HIGH,pulmonary,Dual Vasopressor Strategy,0.5540296646166438,0.43283974965584754,3.0,79.55054321542353,0.0,0,1
scn_000169,HIGH,pulmonary,Early Vasopressor + Fluids,0.5516756998186064,0.43283974965584754,3.0,77.98123335006531,0.0,0,0
scn_000169,HIGH,pulmonary,Colloid-Based Resuscitation,0.5479565654284844,0.4296071246649042,3.0,76.79486041969461,0.0,0,0
scn_000169,HIGH,pulmonary,Conservative Fluid + Early Antibiotics,0.5379233365387941,0.4360723746467909,3.5,75.8532745004797,0.0,0,0
scn_000169,HIGH,pulmonary,Aggressive Fluid-First,0.5358877281976124,0.4296071246649042,3.5,77.08230226578,0.0,1,0
scn_000140,HIGH,urinary_tract,Dual Vasopressor Strategy,0.6022015564547344,0.5090986853331573,3.0,81.16156350322669,0.0,0,1
scn_000140,HIGH,urinary_tract,Early Vasopressor + Fluids,0.5996879155219293,0.5090986853331573,3.0,79.48580288135672,0.0,0,0
scn_000140,HIGH,urinary_tract,Conservative Fluid + Early Antibiotics,0.5856543059948747,0.5122328612629772,3.5,77.20972615805893,0.0,0,0
scn_000140,HIGH,urinary_tract,Aggressive Fluid-First,0.5838743380138026,0.5059645094033374,3.5,78.53042158120014,0.0,1,0
scn_000455,CRITICAL,skin_soft_tissue,Dual Vasopressor Strategy,0.4850809799029145,0.32303911415461195,3.0,77.5050076067649,0.0,0,1
scn_000455,CRITICAL,skin_soft_tissue,Early Vasopressor + Fluids,0.4827002131806537,0.32303911415461195,3.0,75.91782979192439,0.0,0,0
scn_000455,CRITICAL,skin_soft_tissue,Colloid-Based Resuscitation,0.4789334465555549,0.3198012427294906,3.0,74.70180061190706,0.0,0,0
scn_000455,CRITICAL,skin_soft_tissue,Conservative Fluid + Early Antibiotics,0.4688904322323441,0.32627698557973334,3.5,73.74949392300276,0.0,0,0
scn_000455,CRITICAL,skin_soft_tissue,Aggressive Fluid-First,0.4669228081006663,0.3198012427294906,3.5,75.02804164198125,0.0,1,0
scn_000223,HIGH,pulmonary,Dual Vasopressor Strategy,0.5615914660596764,0.4457638958916697,3.0,79.42208568311635,0.0,0,1
scn_000223,HIGH,pulmonary,Conservative Fluid + Early Antibiotics,0.5416535181018116,0.4429155773625031,3.5,75.60278112287314,0.0,0,0
scn_000223,HIGH,pulmonary,Aggressive Fluid-First,0.539768125626567,0.43661221442083636,3.5,76.86719798271008,0.0,1,0
scn_000012,LOW,bloodstream,Aggressive Fluid-First,0.8851679558549,0.9899999999999999,3.5,85.77863723660015,0.0,1,1
scn_000012,LOW,bloodstream,Staged Reassessment,0.8838516462078861,0.9899999999999999,3.5,84.90109747192422,0.0,0,0
scn_000012,LOW,bloodstream,Conservative Fluid + Early Antibiotics,0.8828723741044151,0.9899999999999999,3.5,84.24824940294351,0.0,0,0
scn_000116,MODERATE,bloodstream,Aggressive Fluid-First,0.8085373271746643,0.8799360260931867,3.5,78.71714101250157,0.0,1,1
scn_000116,MODERATE,bloodstream,Conservative Fluid + Early Antibiotics,0.7734219088967746,0.8246943923684938,3.5,77.4035156504522,0.0,0,0
scn_000116,MODERATE,bloodstream,Staged Reassessment,0.7666273512180459,0.8119547266802256,3.5,77.96967680660707,0.0,0,0
scn_000126,MODERATE,intra_abdominal,Conservative Fluid + Early Antibiotics,0.7955013363972957,0.8563487753608985,3.5,79.46138078717115,0.0,0,1
scn_000126,MODERATE,intra_abdominal,Aggressive Fluid-First,0.7941276047192949,0.8498693509834166,3.5,81.13732941949665,0.0,1,0
scn_000126,MODERATE,intra_abdominal,Staged Reassessment,0.786822319110161,0.8401502144171935,3.5,80.15479363989662,0.0,0,0
scn_000399,HIGH,skin_soft_tissue,Dual Vasopressor Strategy,0.5685845484067711,0.459368283662976,3.0,78.64238547265698,0.0,0,1
scn_000399,HIGH,skin_soft_tissue,Colloid-Based Resuscitation,0.5623983850160543,0.4562270130402661,3.0,75.77478479459643,0.0,0,0
scn_000399,HIGH,skin_soft_tissue,Conservative Fluid + Early Antibiotics,0.5521975973421627,0.4625095542856858,3.5,74.79457651383407,0.0,0,0
scn_000399,HIGH,skin_soft_tissue,Aggressive Fluid-First,0.5503435510706405,0.4562270130402661,3.5,76.0715621643206,0.0,1,0
scn_000305,LOW,urinary_tract,Aggressive Fluid-First,0.8813614982900532,0.9899999999999999,3.5,83.24099886003556,0.0,1,1
scn_000305,LOW,urinary_tract,Staged Reassessment,0.879917554341785,0.9899999999999999,3.5,82.27836956119013,0.0,0,0
scn_000305,LOW,urinary_tract,Conservative Fluid + Early Antibiotics,0.8788804832981125,0.9899999999999999,3.5,81.58698886540849,0.0,0,0
scn_000413,HIGH,urinary_tract,Dual Vasopressor Strategy,0.6295968506984289,0.5644348952405882,3.0,77.29060903605067,0.0,0,1
scn_000413,HIGH,urinary_tract,Conservative Fluid + Early Antibiotics,0.6121746080906476,0.5661700240627091,3.51,73.48172910201473,0.0,0,0
scn_000413,HIGH,urinary_tract,Aggressive Fluid-First,0.6105478662457354,0.5596997664184675,3.5,74.81867092976992,0.0,1,0
scn_000143,HIGH,pulmonary,Dual Vasopressor Strategy,0.6317464051836446,0.5713821614706229,3.0,75.94473886751389,0.0,0,1
scn_000143,HIGH,pulmonary,Colloid-Based Resuscitation,0.6228026091867741,0.5681878940635012,3.11,73.0932484991156,0.0,0,0
scn_000143,HIGH,pulmonary,Aggressive Fluid-First,0.6110244257758227,0.5681878940635012,3.6,73.40779289181467,0.0,1,0
scn_000143,HIGH,pulmonary,Conservative Fluid + Early Antibiotics,0.5959284308970594,0.5745764288777445,4.28,72.12171571360845,0.0,0,0
scn_000470,CRITICAL,skin_soft_tissue,Dual Vasopressor Strategy,0.49423475923641386,0.33969100721562306,3.0,76.94676993802668,0.0,0,1
scn_000470,CRITICAL,skin_soft_tissue,Early Vasopressor + Fluids,0.4917807120222858,0.33969100721562306,3.0,75.31073846194127,0.0,0,0
scn_000470,CRITICAL,skin_soft_tissue,Colloid-Based Resuscitation,0.4880565640397482,0.3365412438678435,3.0,74.08787847936141,0.0,0,0
scn_000470,CRITICAL,skin_soft_tissue,Conservative Fluid + Early Antibiotics,0.47661385172860676,0.34284077056340256,3.55,73.10625959371016,0.0,1,0
scn_000470,CRITICAL,skin_soft_tissue,Aggressive Fluid-First,0.4759600121053522,0.3365412438678435,3.5,74.35684385643073,0.0,0,0
scn_000267,CRITICAL,skin_soft_tissue,Dual Vasopressor Strategy,0.48240296736992483,0.3306786725234222,3.07,73.83050923724768,0.0,0,1
scn_000267,CRITICAL,skin_soft_tissue,Early Vasopressor + Fluids,0.4658774631597189,0.3306786725234222,3.63,72.1468397637771,0.0,0,0
scn_000267,CRITICAL,skin_soft_tissue,Colloid-Based Resuscitation,0.4468018442462126,0.31750291798333213,4.0,70.86672897080888,0.0,0,0
scn_000267,CRITICAL,skin_soft_tissue,Aggressive Fluid-First,0.4388484501537398,0.3235029179833321,4.48,71.1644662424937,0.0,1,0
scn_000267,CRITICAL,skin_soft_tissue,Conservative Fluid + Early Antibiotics,0.3762830461608174,0.22388582427463574,4.5,69.63436773069067,0.0,0,0
scn_000302,LOW,intra_abdominal,Aggressive Fluid-First,0.8830199851128836,0.9899999999999999,3.5,84.34665674192249,0.0,1,1
scn_000302,LOW,intra_abdominal,Staged Reassessment,0.8815798785438782,0.9899999999999999,3.5,83.38658569591895,0.0,0,0
scn_000302,LOW,intra_abdominal,Conservative Fluid + Early Antibiotics,0.8805413909169092,0.9899999999999999,3.5,82.69426061127291,0.0,0,0
scn_000367,MODERATE,pulmonary,Conservative Fluid + Early Antibiotics,0.8045222798022961,0.8735577006873834,3.5,78.59177292657739,0.0,0,1
scn_000367,MODERATE,pulmonary,Aggressive Fluid-First,0.8031665171166541,0.867221408344441,3.5,80.22244807332642,0.0,1,0
scn_000367,MODERATE,pulmonary,Staged Reassessment,0.7960186858113205,0.8577169698300267,3.5,79.25900260886966,0.0,0,0
scn_000350,MODERATE,bloodstream,Colloid-Based Resuscitation,0.7377862495423302,0.7476441707854942,3.0,76.1331647140224,0.0,0,1
scn_000350,MODERATE,bloodstream,Aggressive Fluid-First,0.7286411767851771,0.7521441707854941,3.5,76.56978287592052,0.0,1,0
scn_000350,MODERATE,bloodstream,Staged Reassessment,0.6961522575442,0.7004027515326163,3.5,75.6070710830868,0.0,0,0
scn_000350,MODERATE,bloodstream,Conservative Fluid + Early Antibiotics,0.6824157560470022,0.6791384502874126,3.5,74.9551239163698,0.0,0,0
scn_000342,MODERATE,skin_soft_tissue,Colloid-Based Resuscitation,0.7610549629735506,0.7858573672443991,3.0,76.36036175127401,0.0,0,1
scn_000342,MODERATE,skin_soft_tissue,Aggressive Fluid-First,0.7490573421221247,0.7858573672443991,3.5,76.69528118365682,0.0,1,0
scn_000342,MODERATE,skin_soft_tissue,Conservative Fluid + Early Antibiotics,0.7485878894618785,0.7891199276359881,3.5,75.07728858685711,0.0,0,0
scn_000342,MODERATE,skin_soft_tissue,Staged Reassessment,0.74108183509479,0.7749635266570152,3.5,75.73581273372059,0.0,0,0
scn_000080,MODERATE,bloodstream,Colloid-Based Resuscitation,0.7515025359184301,0.7668197661225692,3.0,77.60711749659238,0.0,0,1
scn_000080,MODERATE,bloodstream,Conservative Fluid + Early Antibiotics,0.740876963933904,0.7731343480751405,3.5,76.3309033925465,0.0,0,0
scn_000080,MODERATE,bloodstream,Aggressive Fluid-First,0.7396341381893106,0.7668197661225692,3.5,78.02818567717937,0.0,1,0
scn_000080,MODERATE,bloodstream,Staged Reassessment,0.7324508911155838,0.757347893193712,3.5,77.02810346623774,0.0,0,0
scn_000270,CRITICAL,pulmonary,Dual Vasopressor Strategy,0.4733130661735142,0.3296556718171251,3.35,72.84644205549276,0.0,0,1
scn_000270,CRITICAL,pulmonary,Early Vasopressor + Fluids,0.45304610392206074,0.32565567181712507,3.97,71.26846722119049,0.0,0,0
scn_000270,CRITICAL,pulmonary,Aggressive Fluid-First,0.4076851580979953,0.2745074912130284,4.5,70.32044224678549,0.0,1,0
scn_000270,CRITICAL,pulmonary,Colloid-Based Resuscitation,0.3967235991642136,0.23650749121302841,4.0,69.87940295759773,0.0,0,0
scn_000270,CRITICAL,pulmonary,Conservative Fluid + Early Antibiotics,0.3207010926894533,0.13484015818875703,4.5,68.19799851746603,0.0,0,0
scn_000168,HIGH,skin_soft_tissue,Dual Vasopressor Strategy,0.5776272397531363,0.46750970682034465,3.0,81.41427710728637,0.0,0,1
scn_000168,HIGH,skin_soft_tissue,Conservative Fluid + Early Antibiotics,0.5558546929789799,0.4616283833156168,3.5,77.58510865973989,0.0,0,0
scn_000168,HIGH,skin_soft_tissue,Aggressive Fluid-First,0.5539681162311244,0.45539103032507233,3.5,78.82233202405398,0.0,1,0
scn_000341,MODERATE,skin_soft_tissue,Colloid-Based Resuscitation,0.7503158449635525,0.7678486533414659,3.0,76.40443530578203,0.0,0,1
scn_000341,MODERATE,skin_soft_tissue,Aggressive Fluid-First,0.7383950400463088,0.7678486533414659,3.5,76.79056536095283,0.0,1,0
scn_000341,MODERATE,skin_soft_tissue,Conservative Fluid + Early Antibiotics,0.7280641495839575,0.7547999319004641,3.5,75.12279362911937,0.0,0,0
scn_000341,MODERATE,skin_soft_tissue,Staged Reassessment,0.7248012988182961,0.7476717355029687,3.5,75.7988383443432,0.0,0,0
scn_000324,LOW,intra_abdominal,Aggressive Fluid-First,0.883817370833988,0.9899999999999999,3.5,84.87824722265884,0.0,1,1
scn_000324,LOW,intra_abdominal,Staged Reassessment,0.8824638806222735,0.9899999999999999,3.5,83.97592041484916,0.0,0,0
scn_000324,LOW,intra_abdominal,Conservative Fluid + Early Antibiotics,0.8814961052773451,0.9899999999999999,3.5,83.33073685156349,0.0,0,0
scn_000500,CRITICAL,pulmonary,Dual Vasopressor Strategy,0.5388882700754742,0.4094772361350302,3.0,78.80128559630408,0.0,0,1
scn_000500,CRITICAL,pulmonary,Early Vasopressor + Fluids,0.536463593495315,0.4094772361350302,3.0,77.18483454286464,0.0,0,0
scn_000500,CRITICAL,pulmonary,Colloid-Based Resuscitation,0.5327146073027755,0.406333098342003,3.0,75.94316553171583,0.0,0,0
scn_000500,CRITICAL,pulmonary,Conservative Fluid + Early Antibiotics,0.5225327667063125,0.4126213739280572,3.5,74.97329489965215,0.0,0,0
scn_000500,CRITICAL,pulmonary,Aggressive Fluid-First,0.520723593700931,0.406333098342003,3.5,76.28248979715279,0.0,1,0
scn_000380,MODERATE,pulmonary,Colloid-Based Resuscitation,0.8793749771331143,0.9775164147474454,3.0,78.57675218976466,0.0,0,1
scn_000380,MODERATE,pulmonary,Aggressive Fluid-First,0.8693430364493027,0.9806397873556054,3.5,78.97277602395964,0.0,1,0
scn_000380,MODERATE,pulmonary,Staged Reassessment,0.8504774166541593,0.9515882649471233,3.5,78.01630512392356,0.0,0,0
scn_000380,MODERATE,pulmonary,Conservative Fluid + Early Antibiotics,0.8422198211213698,0.9393770798067888,3.5,77.39571549153109,0.0,0,0
scn_000417,HIGH,bloodstream,Dual Vasopressor Strategy,0.5757996049662449,0.47003286338431677,3.0,79.18659129043662,0.0,0,1
scn_000417,HIGH,bloodstream,Colloid-Based Resuscitation,0.5696827570345292,0.4668741038215715,3.0,76.37219649439085,0.0,0,0
scn_000417,HIGH,bloodstream,Conservative Fluid + Early Antibiotics,0.559530823686548,0.473191622947062,3.5,75.4105666122072,0.0,0,0
scn_000417,HIGH,bloodstream,Aggressive Fluid-First,0.5576232649453905,0.4668741038215715,3.5,76.66586843496506,0.0,1,0
scn_000466,CRITICAL,pulmonary,Dual Vasopressor Strategy,0.4473029439455231,0.27133925707580914,3.07,74.16625980002509,0.0,0,1
scn_000466,CRITICAL,pulmonary,Early Vasopressor + Fluids,0.4371866378673773,0.27133925707580914,3.38,72.58872241459453,0.0,0,0
scn_000466,CRITICAL,pulmonary,Colloid-Based Resuscitation,0.4173165446638781,0.2662819263935116,3.98,71.36492588518077,0.0,0,0
scn_000466,CRITICAL,pulmonary,Aggressive Fluid-First,0.4085894254265353,0.2662819263935116,4.35,71.71351306028556,0.0,1,0
scn_000466,CRITICAL,pulmonary,Conservative Fluid + Early Antibiotics,0.3953055704905122,0.25371700825024524,4.5,70.38357702691005,0.0,0,0
scn_000286,CRITICAL,urinary_tract,Dual Vasopressor Strategy,0.5383603398074577,0.4218603721935523,3.04,74.16274432755091,0.0,0,1
scn_000286,CRITICAL,urinary_tract,Early Vasopressor + Fluids,0.5249143778909561,0.4218603721935523,3.48,72.53210304988312,0.0,0,0
scn_000286,CRITICAL,urinary_tract,Colloid-Based Resuscitation,0.5047640745252422,0.41265352029372204,3.99,71.28130823267264,0.0,0,0
scn_000286,CRITICAL,urinary_tract,Aggressive Fluid-First,0.49620527955598576,0.414653520293722,4.4,71.6087782531684,0.0,1,0
scn_000286,CRITICAL,urinary_tract,Conservative Fluid + Early Antibiotics,0.47872736235280705,0.3930672240933827,4.5,70.25801859785165,0.0,0,0
scn_000296,CRITICAL,urinary_tract,Dual Vasopressor Strategy,0.49214443236531924,0.3324719652660453,3.0,78.44083547046142,0.0,0,1
scn_000296,CRITICAL,urinary_tract,Early Vasopressor + Fluids,0.4896833896038894,0.3324719652660453,3.0,76.80014029617485,0.0,0,0
scn_000296,CRITICAL,urinary_tract,Colloid-Based Resuscitation,0.4859224963195616,0.32924901881167573,3.0,75.58205668837077,0.0,0,0
scn_000296,CRITICAL,urinary_tract,Conservative Fluid + Early Antibiotics,0.4758134064079473,0.33569491172041505,3.5,74.59763958379882,0.0,0,0
scn_000296,CRITICAL,urinary_tract,Aggressive Fluid-First,0.4737998289383989,0.32924901881167573,3.5,75.83361176759564,0.0,1,0
scn_000133,MODERATE,bloodstream,Colloid-Based Resuscitation,0.6977249218039859,0.689726350164507,3.05,73.42607447018784,0.0,0,1
scn_000133,MODERATE,bloodstream,Aggressive Fluid-First,0.6859243870544822,0.689726350164507,3.54,73.72571797051869,0.0,1,0
scn_000133,MODERATE,bloodstream,Conservative Fluid + Early Antibiotics,0.6756451696782865,0.6961980447679939,4.03,72.4508952116601,0.0,0,0
scn_000133,MODERATE,bloodstream,Staged Reassessment,0.6755568251086413,0.6800188082592765,3.68,73.03036010205035,0.0,0,0
scn_000241,CRITICAL,bloodstream,Dual Vasopressor Strategy,0.45745062782164647,0.28263352723983154,3.0,75.24700765183174,0.0,0,1
scn_000241,CRITICAL,bloodstream,Early Vasopressor + Fluids,0.453818590187527,0.28263352723983154,3.05,73.65898256241874,0.0,0,0
scn_000241,CRITICAL,bloodstream,Colloid-Based Resuscitation,0.436771323424261,0.27940632915457286,3.58,72.41835062101153,0.0,0,0
scn_000241,CRITICAL,bloodstream,Aggressive Fluid-First,0.43158999313240803,0.27940632915457286,3.81,72.7974637597762,0.0,1,0
scn_000241,CRITICAL,bloodstream,Conservative Fluid + Early Antibiotics,0.4164647385460997,0.28586072532509027,4.49,71.46553556736372,0.0,0,0
scn_000436,HIGH,intra_abdominal,Dual Vasopressor Strategy,0.5774414278092055,0.48172632814136984,3.0,75.60375394958905,0.0,0,1
scn_000436,HIGH,intra_abdominal,Colloid-Based Resuscitation,0.5643507456154933,0.47852300371659695,3.28,72.82462892369013,0.0,0,0
scn_000436,HIGH,intra_abdominal,Aggressive Fluid-First,0.5555305343449974,0.47852300371659695,3.65,73.11115474335953,0.0,1,0
scn_000436,HIGH,intra_abdominal,Conservative Fluid + Early Antibiotics,0.53801951907914,0.4849296525661428,4.43,71.87448502630289,0.0,0,0
scn_000191,HIGH,skin_soft_tissue,Dual Vasopressor Strategy,0.5591121112185108,0.4401966896557813,3.0,79.99606495002803,0.0,0,1
scn_000191,HIGH,skin_soft_tissue,Colloid-Based Resuscitation,0.5530202981747137,0.437033618875366,3.0,77.20008456632938,0.0,0,0
scn_000191,HIGH,skin_soft_tissue,Conservative Fluid + Early Antibiotics,0.542897075960411,0.4433597604361967,3.5,76.25414646579542,0.0,0,0
scn_000191,HIGH,skin_soft_tissue,Aggressive Fluid-First,0.5410444029160068,0.437033618875366,3.5,77.54948772719149,0.0,1,0
scn_000456,CRITICAL,urinary_tract,Dual Vasopressor Strategy,0.5344728901745573,0.4188636752364295,3.1,73.76979002179978,0.0,0,1
scn_000456,CRITICAL,urinary_tract,Early Vasopressor + Fluids,0.5172526341451543,0.4188636752364295,3.69,72.12295266886444,0.0,0,0
scn_000456,CRITICAL,urinary_tract,Colloid-Based Resuscitation,0.5021927564921898,0.4097356837828393,4.0,70.90089748165748,0.0,0,0
scn_000456,CRITICAL,urinary_tract,Aggressive Fluid-First,0.4869345203024115,0.40373568378283925,4.48,71.12874002180536,0.0,1,0
scn_000456,CRITICAL,urinary_tract,Conservative Fluid + Early Antibiotics,0.42803990713011075,0.3099916666900197,4.5,69.69660474406595,0.0,0,0
scn_000486,CRITICAL,intra_abdominal,Dual Vasopressor Strategy,0.4901324373086784,0.3319075652721615,3.0,77.32526543025436,0.0,0,1
scn_000486,CRITICAL,intra_abdominal,Early Vasopressor + Fluids,0.48765050787799435,0.3319075652721615,3.0,75.67064580979833,0.0,0,0
scn_000486,CRITICAL,intra_abdominal,Colloid-Based Resuscitation,0.48388550986083995,0.32869947144920986,3.0,74.44388466087605,0.0,0,0
scn_000486,CRITICAL,intra_abdominal,Conservative Fluid + Early Antibiotics,0.4737460647899715,0.3351156590951131,3.5,73.45111288860242,0.0,0,0
scn_000486,CRITICAL,intra_abdominal,Aggressive Fluid-First,0.4717605660948712,0.32869947144920986,3.5,74.69392215023018,0.0,1,0
scn_000176,HIGH,skin_soft_tissue,Dual Vasopressor Strategy,0.5605185450906385,0.4518887235245618,3.0,76.2568739839343,0.0,0,1
scn_000176,HIGH,skin_soft_tissue,Aggressive Fluid-First,0.5407015217202337,0.4486811255370734,3.56,73.66189759865976,0.0,1,0
scn_000176,HIGH,skin_soft_tissue,Conservative Fluid + Early Antibiotics,0.5304459411719127,0.4550963215120504,4.05,72.42543217645502,0.0,0,0
scn_000416,HIGH,skin_soft_tissue,Dual Vasopressor Strategy,0.5927379995802211,0.4942533282465578,3.0,80.79066842152427,0.0,0,1
scn_000416,HIGH,skin_soft_tissue,Conservative Fluid + Early Antibiotics,0.5439623563260712,0.44341788951620414,3.5,76.94108174423245,0.0,0,0
scn_000416,HIGH,skin_soft_tissue,Aggressive Fluid-First,0.5421815964724466,0.4370887669769117,3.5,78.28555752419972,0.0,1,0
scn_000236,CRITICAL,bloodstream,Dual Vasopressor Strategy,0.5219362312714246,0.3815880456230311,3.0,78.65560259840397,0.0,0,1
scn_000236,CRITICAL,bloodstream,Early Vasopressor + Fluids,0.5194596127294768,0.3815880456230311,3.0,77.00452357043879,0.0,0,0
scn_000236,CRITICAL,bloodstream,Colloid-Based Resuscitation,0.515697971308764,0.37838836021189864,3.0,75.77663678774991,0.0,0,0
scn_000236,CRITICAL,bloodstream,Conservative Fluid + Early Antibiotics,0.5055516226769542,0.3847877310341634,3.5,74.7859893709708,0.0,0,0
scn_000236,CRITICAL,bloodstream,Aggressive Fluid-First,0.5035846022495547,0.37838836021189864,3.5,76.03439074827698,0.0,1,0
scn_000343,MODERATE,skin_soft_tissue,Colloid-Based Resuscitation,0.8127448885973702,0.8664481435507887,3.0,78.58400164459793,0.0,0,1
scn_000343,MODERATE,skin_soft_tissue,Conservative Fluid + Early Antibiotics,0.8021394457971139,0.8727426377967773,3.5,77.32924207936507,0.0,0,0
scn_000343,MODERATE,skin_soft_tissue,Aggressive Fluid-First,0.8008769907450157,0.8664481435507887,3.5,79.00540307636169,0.0,1,0
scn_000343,MODERATE,skin_soft_tissue,Staged Reassessment,0.793728701520749,0.8570064021818056,3.5,78.01657347444382,0.0,0,0
scn_000041,LOW,intra_abdominal,Aggressive Fluid-First,0.8805694497722987,0.9899999999999999,3.5,82.71296651486587,0.0,1,1
scn_000041,LOW,intra_abdominal,Staged Reassessment,0.879174576429232,0.9899999999999999,3.5,81.7830509528215,0.0,0,0
scn_000041,LOW,intra_abdominal,Conservative Fluid + Early Antibiotics,0.8781531689705477,0.9899999999999999,3.5,81.10211264703193,0.0,0,0
scn_000059,LOW,pulmonary,Aggressive Fluid-First,0.8866934774652796,0.9899999999999999,3.5,86.79565164351983,0.0,1,1
scn_000059,LOW,pulmonary,Staged Reassessment,0.8853566093082241,0.9899999999999999,3.5,85.90440620548284,0.0,0,0
scn_000059,LOW,pulmonary,Conservative Fluid + Early Antibiotics,0.8843880086017957,0.9899999999999999,3.5,85.25867240119722,0.0,0,0
scn_000253,CRITICAL,bloodstream,Dual Vasopressor Strategy,0.4965168516356896,0.33960777255624797,3.0,78.5014587346272,0.0,0,1
scn_000253,CRITICAL,bloodstream,Early Vasopressor + Fluids,0.49407617754421923,0.33960777255624797,3.0,76.87434267364696,0.0,0,0
scn_000253,CRITICAL,bloodstream,Colloid-Based Resuscitation,0.4903179755212506,0.33646019959424156,3.0,75.62790384313716,0.0,0,0
scn_000253,CRITICAL,bloodstream,Conservative Fluid + Early Antibiotics,0.4801306586207763,0.34275534551825465,3.5,74.651634206549,0.0,0,0
scn_000253,CRITICAL,bloodstream,Aggressive Fluid-First,0.4783190260065569,0.33646019959424156,3.5,75.96193750000799,0.0,1,0
scn_000345,MODERATE,bloodstream,Colloid-Based Resuscitation,0.8113424707367193,0.8574419674605872,3.0,81.25152684024467,0.0,0,1
scn_000345,MODERATE,bloodstream,Conservative Fluid + Early Antibiotics,0.8006603103989857,0.8637901819179161,3.5,79.92413416549067,0.0,0,0
scn_000345,MODERATE,bloodstream,Aggressive Fluid-First,0.7994092616594396,0.8574419674605872,3.5,81.62938745539158,0.0,1,0
scn_000345,MODERATE,bloodstream,Staged Reassessment,0.7921728976546817,0.8479196457745936,3.5,80.61407345995036,0.0,0,0
scn_000085,MODERATE,urinary_tract,Conservative Fluid + Early Antibiotics,0.7686945962067181,0.8243823682326387,3.52,74.71011684475661,0.0,0,1
scn_000085,MODERATE,urinary_tract,Aggressive Fluid-First,0.7678508899305805,0.8180037852463498,3.5,76.36574585518044,0.0,1,0
scn_000085,MODERATE,urinary_tract,Staged Reassessment,0.7606549609123029,0.8084359107669158,3.5,75.39560963476899,0.0,0,0
scn_000240,CRITICAL,intra_abdominal,Dual Vasopressor Strategy,0.43071055941712033,0.2685839428800198,3.56,72.37346245940563,0.0,0,1
scn_000240,CRITICAL,intra_abdominal,Early Vasopressor + Fluids,0.40357918413213445,0.24545935169741426,3.99,70.7023820757906,0.0,0,0
scn_000240,CRITICAL,intra_abdominal,Aggressive Fluid-First,0.34555736015161775,0.17311052881371744,4.5,69.46069524225818,0.0,1,0
scn_000240,CRITICAL,intra_abdominal,Colloid-Based Resuscitation,0.3314464682637492,0.12982081019372896,4.0,69.03598809834122,0.0,0,0
scn_000240,CRITICAL,intra_abdominal,Conservative Fluid + Early Antibiotics,0.29825133669328013,0.09999999999999998,4.5,67.16755779552008,0.0,0,0
scn_000482,CRITICAL,bloodstream,Dual Vasopressor Strategy,0.4584868544486782,0.2907740201509517,3.06,73.68162823873811,0.0,0,1
scn_000482,CRITICAL,bloodstream,Early Vasopressor + Fluids,0.43881456341062935,0.2907740201509517,3.75,72.06676754670553,0.0,0,0
scn_000482,CRITICAL,bloodstream,Colloid-Based Resuscitation,0.4254844809202859,0.28199162541363754,4.0,70.85967044806894,0.0,0,0
scn_000482,CRITICAL,bloodstream,Aggressive Fluid-First,0.41336210636482046,0.281992960927566,4.5,71.11088653885392,0.0,1,0
scn_000482,CRITICAL,bloodstream,Conservative Fluid + Early Antibiotics,0.34175619034648536,0.16619386745306952,4.5,69.69324658309576,0.0,0,0
scn_000461,CRITICAL,skin_soft_tissue,Dual Vasopressor Strategy,0.47459180337705265,0.30967103045358846,3.0,75.85945673659968,0.0,0,1
scn_000461,CRITICAL,skin_soft_tissue,Early Vasopressor + Fluids,0.4722150607799415,0.30967103045358846,3.0,74.27496167185896,0.0,0,0
scn_000461,CRITICAL,skin_soft_tissue,Colloid-Based Resuscitation,0.46523850205046574,0.30652179281007297,3.13,73.05028424294795,0.0,0,0
scn_000461,CRITICAL,skin_soft_tissue,Aggressive Fluid-First,0.45451235852214766,0.30652179281007297,3.58,73.39952189073591,0.0,1,0
scn_000461,CRITICAL,skin_soft_tissue,Conservative Fluid + Early Antibiotics,0.4368415416644176,0.3128202680971039,4.36,72.09958720410351,0.0,0,0
scn_000403,HIGH,intra_abdominal,Dual Vasopressor Strategy,0.5589283221258963,0.44155181375609026,3.0,79.33148924816142,0.0,0,1
scn_000403,HIGH,intra_abdominal,Early Vasopressor + Fluids,0.5564583157750131,0.44155181375609026,3.0,77.68481834757267,0.0,0,0
scn_000403,HIGH,intra_abdominal,Conservative Fluid + Early Antibiotics,0.5425451436488355,0.44475054569703987,3.5,75.46321082040775,0.0,0,0
scn_000403,HIGH,intra_abdominal,Aggressive Fluid-First,0.5406039561873972,0.43835308181514043,3.5,76.72807139887536,0.0,1,0
scn_000248,CRITICAL,skin_soft_tissue,Dual Vasopressor Strategy,0.5011569943379615,0.36061245951661297,3.06,74.19301241866249,0.0,0,1
scn_000248,CRITICAL,skin_soft_tissue,Early Vasopressor + Fluids,0.48927837441807637,0.36061245951661297,3.44,72.60726580540575,0.0,0,0
scn_000248,CRITICAL,skin_soft_tissue,Colloid-Based Resuscitation,0.47133474423134275,0.35543844742407055,3.96,71.38111718460028,0.0,0,0
scn_000248,CRITICAL,skin_soft_tissue,Aggressive Fluid-First,0.46405681079000116,0.35743844742407055,4.32,71.72916155703922,0.0,1,0
scn_000248,CRITICAL,skin_soft_tissue,Conservative Fluid + Early Antibiotics,0.4361548817249782,0.3217864716091554,4.5,70.38866583965665,0.0,0,0
scn_000373,MODERATE,urinary_tract,Colloid-Based Resuscitation,0.7561507913125357,0.7763976712494153,3.0,76.87479237525775,0.0,0,1
scn_000373,MODERATE,urinary_tract,Conservative Fluid + Early Antibiotics,0.7454954856891042,0.7826894372628973,3.5,75.58788222091053,0.0,0,0
scn_000373,MODERATE,urinary_tract,Aggressive Fluid-First,0.7441091631205241,0.7763976712494153,3.5,77.18037358058328,0.0,1,0
scn_000373,MODERATE,urinary_tract,Staged Reassessment,0.7370302011390694,0.7669600222291925,3.5,76.23612520103596,0.0,0,0
scn_000136,HIGH,skin_soft_tissue,Dual Vasopressor Strategy,0.5466441070896652,0.421830692998252,3.0,79.03046086047598,0.0,0,1
scn_000136,HIGH,skin_soft_tissue,Colloid-Based Resuscitation,0.5405010230516742,0.4186246221298768,3.0,76.21749984916549,0.0,0,0
scn_000136,HIGH,skin_soft_tissue,Conservative Fluid + Early Antibiotics,0.5304169914636327,0.425036763866627,3.5,75.26328876243771,0.0,0,0
scn_000136,HIGH,skin_soft_tissue,Aggressive Fluid-First,0.5285050523911035,0.4186246221298768,3.5,76.55351940878498,0.0,1,0
scn_000020,LOW,urinary_tract,Aggressive Fluid-First,0.8894367549971504,0.9899999999999999,3.5,88.62450333143369,0.0,1,1
scn_000020,LOW,urinary_tract,Staged Reassessment,0.8880948575244308,0.9899999999999999,3.5,87.72990501628733,0.0,0,0
scn_000020,LOW,urinary_tract,Conservative Fluid + Early Antibiotics,0.8871086785555864,0.9899999999999999,3.5,87.07245237039108,0.0,0,0
scn_000440,HIGH,bloodstream,Dual Vasopressor Strategy,0.5567351452412674,0.442628458580045,3.0,77.43871339549366,0.0,0,1
scn_000440,HIGH,bloodstream,Early Vasopressor + Fluids,0.5542817329686984,0.442628458580045,3.0,75.803105213781,0.0,0,0
scn_000440,HIGH,bloodstream,Colloid-Based Resuscitation,0.5505148514814748,0.43940139388057015,3.0,74.58267676875516,0.0,0,0
scn_000440,HIGH,bloodstream,Conservative Fluid + Early Antibiotics,0.5404152817573032,0.44585552327951994,3.5,73.60131185972756,0.0,0,0
scn_000440,HIGH,bloodstream,Aggressive Fluid-First,0.538411215186658,0.43940139388057015,3.5,74.84691923887725,0.0,1,0
scn_000084,MODERATE,urinary_tract,Conservative Fluid + Early Antibiotics,0.8352684879747582,0.9154246713621161,3.5,82.34245677165902,0.0,0,1
scn_000084,MODERATE,urinary_tract,Aggressive Fluid-First,0.8338484838550819,0.9089926369332898,3.5,83.96860113007206,0.0,1,0
scn_000084,MODERATE,urinary_tract,Staged Reassessment,0.8266102038110561,0.89934458529005,3.5,83.0023017580174,0.0,0,0
scn_000034,LOW,urinary_tract,Aggressive Fluid-First,0.8764902912807668,0.9899999999999999,3.5,79.9935275205113,0.0,1,1
scn_000034,LOW,urinary_tract,Staged Reassessment,0.8751240140775949,0.9899999999999999,3.5,79.08267605173005,0.0,0,0
scn_000034,LOW,urinary_tract,Conservative Fluid + Early Antibiotics,0.8741317869367579,0.9899999999999999,3.5,78.42119129117201,0.0,0,0
scn_000001,LOW,urinary_tract,Aggressive Fluid-First,0.8799938681788779,0.9899999999999999,3.5,82.32924545258538,0.0,1,1
scn_000001,LOW,urinary_tract,Staged Reassessment,0.8786217895269897,0.9899999999999999,3.5,81.41452635132651,0.0,0,0
scn_000001,LOW,urinary_tract,Conservative Fluid + Early Antibiotics,0.877629133950134,0.9899999999999999,3.5,80.7527559667561,0.0,0,0
scn_000108,MODERATE,intra_abdominal,Conservative Fluid + Early Antibiotics,0.7915211575389284,0.8554976943291253,3.5,77.14836062763551,0.0,0,1
scn_000108,MODERATE,intra_abdominal,Aggressive Fluid-First,0.7901789589796886,0.8490619151327599,3.5,78.82787326668853,0.0,1,0
scn_000108,MODERATE,intra_abdominal,Staged Reassessment,0.7829087488147909,0.8394082463382118,3.5,77.84253400790925,0.0,0,0
scn_000131,MODERATE,bloodstream,Aggressive Fluid-First,0.7373918289843389,0.768586708404299,3.5,75.82653596117304,0.0,1,1
scn_000131,MODERATE,bloodstream,Staged Reassessment,0.687955231298182,0.6885121104255718,3.5,74.89864336189262,0.0,0,0
scn_000131,MODERATE,bloodstream,Conservative Fluid + Early Antibiotics,0.6785819726363926,0.6744697737234501,3.5,74.26673893488177,0.0,0,0
scn_000291,CRITICAL,bloodstream,Dual Vasopressor Strategy,0.4436074146851058,0.28065878512411907,3.36,72.80809574042293,0.0,0,1
scn_000291,CRITICAL,bloodstream,Early Vasopressor + Fluids,0.4206540289008201,0.27181121560209304,3.97,71.21153302637616,0.0,0,0
scn_000291,CRITICAL,bloodstream,Aggressive Fluid-First,0.37672574093827993,0.2231488564058817,4.5,70.22428472983393,0.0,1,0
scn_000291,CRITICAL,bloodstream,Colloid-Based Resuscitation,0.3665038905258171,0.18630329145217656,4.0,69.81461043634079,0.0,0,0
scn_000291,CRITICAL,bloodstream,Conservative Fluid + Early Antibiotics,0.3012976757520426,0.10264944120697943,4.5,68.13867401856996,0.0,0,0
scn_000281,CRITICAL,intra_abdominal,Dual Vasopressor Strategy,0.5431510038199602,0.42213695128019135,3.0,76.57922203456359,0.0,0,1
scn_000281,CRITICAL,intra_abdominal,Early Vasopressor + Fluids,0.5407741809354055,0.42213695128019135,3.0,74.99467344486051,0.0,0,0
scn_000281,CRITICAL,intra_abdominal,Colloid-Based Resuscitation,0.5367321854707483,0.4189228209833441,3.01,73.75232858716119,0.0,0,0
scn_000281,CRITICAL,intra_abdominal,Aggressive Fluid-First,0.5250642256320153,0.4189228209833441,3.5,74.14035536133916,0.0,1,0
scn_000281,CRITICAL,intra_abdominal,Conservative Fluid + Early Antibiotics,0.5211630480962319,0.4253510815770383,3.73,72.8015994333393,0.0,0,0
scn_000219,HIGH,bloodstream,Dual Vasopressor Strategy,0.646990633205614,0.5915532728065824,3.0,78.03911301444305,0.0,0,1
scn_000219,HIGH,bloodstream,Early Vasopressor + Fluids,0.6444893043820582,0.5915532728065824,3.0,76.37156046540586,0.0,0,0
scn_000219,HIGH,bloodstream,Conservative Fluid + Early Antibiotics,0.6305556767437126,0.5947520431435978,3.5,74.13630057170263,0.0,0,0
scn_000219,HIGH,bloodstream,Aggressive Fluid-First,0.6285905865766922,0.588354502469567,3.5,75.38525672996796,0.0,1,0
scn_000078,MODERATE,skin_soft_tissue,Colloid-Based Resuscitation,0.8849084147911896,0.9899999999999999,3.0,77.2722765274598,0.0,0,1
scn_000078,MODERATE,skin_soft_tissue,Aggressive Fluid-First,0.8727660360462018,0.9899999999999999,3.5,77.51069069746802,0.0,1,0
scn_000078,MODERATE,skin_soft_tissue,Staged Reassessment,0.8714258653164417,0.9899999999999999,3.5,76.61724354429462,0.0,0,0
scn_000078,MODERATE,skin_soft_tissue,Conservative Fluid + Early Antibiotics,0.8705089719326823,0.9899999999999999,3.5,76.00598128845495,0.0,0,0
scn_000453,CRITICAL,urinary_tract,Dual Vasopressor Strategy,0.4931672551166405,0.33895953825039227,3.0,76.52768811093677,0.0,0,1
scn_000453,CRITICAL,urinary_tract,Early Vasopressor + Fluids,0.490748221724162,0.33895953825039227,3.0,74.91499918261773,0.0,0,0
scn_000453,CRITICAL,urinary_tract,Colloid-Based Resuscitation,0.48597415587215703,0.3358290240859084,3.04,73.65116094707467,0.0,0,0
scn_000453,CRITICAL,urinary_tract,Aggressive Fluid-First,0.4745646526285809,0.3358290240859084,3.52,74.04482545135724,0.0,1,0
scn_000453,CRITICAL,urinary_tract,Conservative Fluid + Early Antibiotics,0.4697793528340507,0.3420900524148764,3.78,72.68354759008326,0.0,0,0
scn_000423,HIGH,pulmonary,Dual Vasopressor Strategy,0.5812320767144221,0.47823867866655356,3.0,79.52591300966,0.0,0,1
scn_000423,HIGH,pulmonary,Conservative Fluid + Early Antibiotics,0.5305649382318922,0.4244291702104102,3.5,75.60495740376409,0.0,0,0
scn_000423,HIGH,pulmonary,Aggressive Fluid-First,0.5286333473282183,0.4180481871226969,3.5,76.86962336973347,0.0,1,0
scn_000410,HIGH,skin_soft_tissue,Dual Vasopressor Strategy,0.6456555011673346,0.5885235931475509,3.0,78.36089685253607,0.0,0,1
scn_000410,HIGH,skin_soft_tissue,Colloid-Based Resuscitation,0.6395514407094871,0.5854045512226153,3.0,75.53913998394538,0.0,0,0
scn_000410,HIGH,skin_soft_tissue,Conservative Fluid + Early Antibiotics,0.6293410107044828,0.5916426350724863,3.5,74.57028644066068,0.0,0,0
scn_000410,HIGH,skin_soft_tissue,Aggressive Fluid-First,0.6274497857776173,0.5854045512226153,3.5,75.80470336269883,0.0,1,0
scn_000214,HIGH,urinary_tract,Dual Vasopressor Strategy,0.6402827229737629,0.5783908422851735,3.0,78.83214506843919,0.0,0,1
scn_000214,HIGH,urinary_tract,Early Vasopressor + Fluids,0.6378833465822231,0.5783908422851735,3.0,77.2325608074127,0.0,0,0
scn_000214,HIGH,urinary_tract,Colloid-Based Resuscitation,0.6342042374608807,0.5752752938039847,3.0,76.02604078565997,0.0,0,0
scn_000214,HIGH,urinary_tract,Conservative Fluid + Early Antibiotics,0.6240032698033835,0.5815063907663623,3.5,75.06629022904409,0.0,0,0
scn_000214,HIGH,urinary_tract,Aggressive Fluid-First,0.622134676473186,0.5752752938039847,3.5,76.31300012719679,0.0,1,0
scn_000476,CRITICAL,intra_abdominal,Dual Vasopressor Strategy,0.43113474755190995,0.26804284429447206,3.53,72.37269398348448,0.0,0,1
scn_000476,CRITICAL,intra_abdominal,Early Vasopressor + Fluids,0.4019823876382195,0.24292169263163432,3.99,70.65291470615925,0.0,0,0
scn_000476,CRITICAL,intra_abdominal,Aggressive Fluid-First,0.3412456623958651,0.16623688791127747,4.5,69.33568643273243,0.0,1,0
scn_000476,CRITICAL,intra_abdominal,Colloid-Based Resuscitation,0.3334580318890486,0.13352148871442496,4.0,68.89675910692908,0.0,0,0
scn_000476,CRITICAL,intra_abdominal,Conservative Fluid + Early Antibiotics,0.29796556672082114,0.09999999999999998,4.5,66.9770444805474,0.0,0,0
scn_000292,CRITICAL,skin_soft_tissue,Dual Vasopressor Strategy,0.5437579729648996,0.41963022194896227,3.0,77.98655986368146,0.0,0,1
scn_000292,CRITICAL,skin_soft_tissue,Early Vasopressor + Fluids,0.5413343747116925,0.41963022194896227,3.0,76.37082769487684,0.0,0,0
scn_000292,CRITICAL,skin_soft_tissue,Colloid-Based Resuscitation,0.5376563554904766,0.41648205821346324,3.0,75.17808037493246,0.0,0,0
scn_000292,CRITICAL,skin_soft_tissue,Conservative Fluid + Early Antibiotics,0.5274799930211513,0.4227783856844613,3.5,74.20864107364967,0.0,0,0
scn_000292,CRITICAL,skin_soft_tissue,Aggressive Fluid-First,0.5255054962315467,0.41648205821346324,3.5,75.41084086897918,0.0,1,0
scn_000215,HIGH,pulmonary,Dual Vasopressor Strategy,0.6261181563522277,0.5497904818180064,3.0,80.82924484094927,0.0,0,1
scn_000215,HIGH,pulmonary,Colloid-Based Resuscitation,0.6200230839782137,0.5466381007175326,3.0,78.0268156984628,0.0,0,0
scn_000215,HIGH,pulmonary,Conservative Fluid + Early Antibiotics,0.6098724093588997,0.5529428629184803,3.5,77.07112773854102,0.0,0,0
scn_000215,HIGH,pulmonary,Aggressive Fluid-First,0.6079787709171389,0.5466381007175326,3.5,78.33060699107959,0.0,1,0
scn_000100,MODERATE,intra_abdominal,Colloid-Based Resuscitation,0.8136216061781572,0.8633409584463527,3.0,80.41135407356376,0.0,0,1
scn_000100,MODERATE,intra_abdominal,Conservative Fluid + Early Antibiotics,0.8028973801385453,0.8694674967407497,3.5,79.14458806273036,0.0,0,0
scn_000100,MODERATE,intra_abdominal,Aggressive Fluid-First,0.8016517787147387,0.8633409584463527,3.5,80.76480243128476,0.0,1,0
scn_000100,MODERATE,intra_abdominal,Staged Reassessment,0.7947120786091469,0.8541511510047564,3.5,79.81425867086209,0.0,0,0
scn_000069,MODERATE,skin_soft_tissue,Aggressive Fluid-First,0.8046557739648741,0.8757253701660516,3.5,77.81370124349544,0.0,1,1
scn_000069,MODERATE,skin_soft_tissue,Conservative Fluid + Early Antibiotics,0.8014500004214014,0.8736547132512641,3.5,76.50478164709537,0.0,0,0
scn_000069,MODERATE,skin_soft_tissue,Staged Reassessment,0.7935476166970885,0.8590131294859182,3.5,77.09315933702509,0.0,0,0
scn_000007,LOW,bloodstream,Colloid-Based Resuscitation,0.8901501717665341,0.9899999999999999,3.0,80.7667811776895,0.0,0,1
scn_000007,LOW,bloodstream,Aggressive Fluid-First,0.878181989658223,0.9899999999999999,3.5,81.12132643881547,0.0,1,0
scn_000007,LOW,bloodstream,Staged Reassessment,0.876883417043477,0.9899999999999999,3.5,80.25561136231815,0.0,0,0
scn_000007,LOW,bloodstream,Conservative Fluid + Early Antibiotics,0.8759331785549023,0.9899999999999999,3.5,79.62211903660165,0.0,0,0
scn_000156,HIGH,bloodstream,Dual Vasopressor Strategy,0.5621845659543372,0.44463555328445414,3.0,80.26882265577649,0.0,0,1
scn_000156,HIGH,bloodstream,Early Vasopressor + Fluids,0.5597106320193087,0.44463555328445414,3.0,78.6195333657575,0.0,0,0
scn_000156,HIGH,bloodstream,Colloid-Based Resuscitation,0.5558426512637357,0.4413556703032843,3.0,77.35283272117674,0.0,0,0
scn_000156,HIGH,bloodstream,Conservative Fluid + Early Antibiotics,0.5457941504801225,0.4479154362656239,3.5,76.36325914716535,0.0,0,0
scn_000156,HIGH,bloodstream,Aggressive Fluid-First,0.54386134116701,0.4413556703032843,3.5,77.69862599002633,0.0,1,0
scn_000023,LOW,urinary_tract,Aggressive Fluid-First,0.8826307076673872,0.9899999999999999,3.5,84.08713844492488,0.0,1,1
scn_000023,LOW,urinary_tract,Staged Reassessment,0.8812584784525322,0.9899999999999999,3.5,83.17231896835494,0.0,0,0
scn_000023,LOW,urinary_tract,Conservative Fluid + Early Antibiotics,0.8802712569245723,0.9899999999999999,3.5,82.51417128304833,0.0,0,0
scn_000022,LOW,pulmonary,Aggressive Fluid-First,0.8765142393216849,0.9899999999999999,3.5,80.0094928811234,0.0,1,1
scn_000022,LOW,pulmonary,Staged Reassessment,0.8751122387052568,0.9899999999999999,3.5,79.0748258035046,0.0,0,0
scn_000022,LOW,pulmonary,Conservative Fluid + Early Antibiotics,0.8741124855579894,0.9899999999999999,3.5,78.40832370532638,0.0,0,0
scn_000113,MODERATE,pulmonary,Aggressive Fluid-First,0.8716731078603586,0.9899999999999999,3.5,76.7820719069058,0.0,1,1
scn_000113,MODERATE,pulmonary,Staged Reassessment,0.8701975951769478,0.9899999999999999,3.5,75.79839678463199,0.0,0,0
scn_000113,MODERATE,pulmonary,Conservative Fluid + Early Antibiotics,0.8691736244473933,0.9899999999999999,3.5,75.11574963159562,0.0,0,0
scn_000202,HIGH,skin_soft_tissue,Dual Vasopressor Strategy,0.6306473721116916,0.561683495909168,3.0,79.0915163774606,0.0,0,1
scn_000202,HIGH,skin_soft_tissue,Colloid-Based Resuscitation,0.6244537800561444,0.5584812986484005,3.0,76.24333391140277,0.0,0,0
scn_000202,HIGH,skin_soft_tissue,Conservative Fluid + Early Antibiotics,0.6143316435035308,0.5648856931699355,3.5,75.26681840104632,0.0,0,0
scn_000202,HIGH,skin_soft_tissue,Aggressive Fluid-First,0.612368839498856,0.5584812986484005,3.5,76.52004020654378,0.0,1,0
scn_000142,HIGH,pulmonary,Dual Vasopressor Strategy,0.6275103091258787,0.5620238090483478,3.0,76.86401579791337,0.0,0,1
scn_000142,HIGH,pulmonary,Early Vasopressor + Fluids,0.6250483586424108,0.5620238090483478,3.0,75.2227154756015,0.0,0,0
scn_000142,HIGH,pulmonary,Aggressive Fluid-First,0.6092237853357139,0.5588126561786545,3.5,74.2907944190141,0.0,1,0
scn_000142,HIGH,pulmonary,Conservative Fluid + Early Antibiotics,0.6081263757986035,0.565234961918041,3.62,72.99026576518594,0.0,0,0
scn_000197,HIGH,urinary_tract,Dual Vasopressor Strategy,0.5612770909335899,0.4496878577392905,3.0,77.6429175266771,0.0,0,1
scn_000197,HIGH,urinary_tract,Conservative Fluid + Early Antibiotics,0.5447600362683193,0.4528375382061139,3.5,73.70500889643394,0.0,0,0
scn_000197,HIGH,urinary_tract,Aggressive Fluid-First,0.542966406453685,0.44653817727246703,3.5,75.02900006013648,0.0,1,0
scn_000316,LOW,bloodstream,Aggressive Fluid-First,0.8906420688107022,0.9899999999999999,3.5,89.42804587380152,0.0,1,1
scn_000316,LOW,bloodstream,Staged Reassessment,0.8894451682531757,0.9899999999999999,3.5,88.63011216878391,0.0,0,0
scn_000316,LOW,bloodstream,Conservative Fluid + Early Antibiotics,0.8885372521276231,0.9899999999999999,3.5,88.0248347517489,0.0,0,0
scn_000048,LOW,intra_abdominal,Aggressive Fluid-First,0.8887657930890733,0.9899999999999999,3.5,88.17719539271569,0.0,1,1
scn_000048,LOW,intra_abdominal,Staged Reassessment,0.8875178655135789,0.9899999999999999,3.5,87.34524367571942,0.0,0,0
scn_000048,LOW,intra_abdominal,Conservative Fluid + Early Antibiotics,0.8865737400841778,0.9899999999999999,3.5,86.7158267227853,0.0,0,0
scn_000101,MODERATE,urinary_tract,Colloid-Based Resuscitation,0.7876096449829032,0.8183066370479654,3.0,81.08377516941603,0.0,0,1
scn_000101,MODERATE,urinary_tract,Conservative Fluid + Early Antibiotics,0.7770783110935613,0.8247015904019094,3.5,79.83823790161051,0.0,0,0
scn_000101,MODERATE,urinary_tract,Aggressive Fluid-First,0.7757503078821676,0.8183066370479654,3.5,81.51088376892557,0.0,1,0
scn_000101,MODERATE,urinary_tract,Staged Reassessment,0.7685075016015511,0.8087142070170492,3.5,80.51931826088106,0.0,0,0
scn_000469,CRITICAL,urinary_tract,Dual Vasopressor Strategy,0.46177619651121427,0.27998007956706616,3.0,79.19209918064969,0.0,0,1
scn_000469,CRITICAL,urinary_tract,Early Vasopressor + Fluids,0.4593786743796602,0.27998007956706616,3.0,77.59375109294696,0.0,0,0
scn_000469,CRITICAL,urinary_tract,Colloid-Based Resuscitation,0.4556600490926474,0.2768227090521434,3.0,76.37761577424092,0.0,0,0
scn_000469,CRITICAL,urinary_tract,Conservative Fluid + Early Antibiotics,0.4455103804316224,0.283137450081989,3.5,75.4186069216193,0.0,1,0
scn_000469,CRITICAL,urinary_tract,Aggressive Fluid-First,0.4436249628896773,0.2768227090521434,3.5,76.68755830559418,0.0,0,0
scn_000391,HIGH,urinary_tract,Dual Vasopressor Strategy,0.6507844301115895,0.5942901943212164,3.0,79.47354234590635,0.0,0,1
scn_000391,HIGH,urinary_tract,Colloid-Based Resuscitation,0.6436558648478158,0.5895588734180265,3.0,76.6136938646666,0.0,0,0
scn_000391,HIGH,urinary_tract,Conservative Fluid + Early Antibiotics,0.6335846729014972,0.5960215152244064,3.5,75.64784251123558,0.0,0,0
scn_000391,HIGH,urinary_tract,Aggressive Fluid-First,0.6316949367392727,0.5895588734180265,3.5,76.97307512563788,0.0,1,0
scn_000073,MODERATE,skin_soft_tissue,Aggressive Fluid-First,0.8613930862573302,0.9696871373143974,3.5,78.05386924579464,0.0,1,1
scn_000073,MODERATE,skin_soft_tissue,Staged Reassessment,0.8255604252071824,0.9122322391621988,3.5,77.14738780657544,0.0,0,0
scn_000073,MODERATE,skin_soft_tissue,Conservative Fluid + Early Antibiotics,0.8214938037151134,0.9069798417920086,3.5,76.53726575993878,0.0,0,0
scn_000074,MODERATE,bloodstream,Aggressive Fluid-First,0.8033160771421137,0.8752520675922163,3.5,77.109891057856,0.0,1,1
scn_000074,MODERATE,bloodstream,Conservative Fluid + Early Antibiotics,0.8005250511767907,0.8739357919554345,3.5,75.7757173356867,0.0,0,0
scn_000074,MODERATE,bloodstream,Staged Reassessment,0.7918959790496497,0.8580465878585841,3.5,76.37868422299952,0.0,0,0
scn_000137,HIGH,skin_soft_tissue,Dual Vasopressor Strategy,0.5679197867232186,0.4516946535351668,3.0,81.26866306807908,0.0,0,1
scn_000137,HIGH,skin_soft_tissue,Colloid-Based Resuscitation,0.5608626658126661,0.4470316363368728,3.0,78.42912267369495,0.0,0,0
scn_000137,HIGH,skin_soft_tissue,Conservative Fluid + Early Antibiotics,0.550722109246013,0.45335767073346056,3.5,77.47167120395775,0.0,0,0
scn_000137,HIGH,skin_soft_tissue,Aggressive Fluid-First,0.5489217545528133,0.4470316363368728,3.5,78.8018485004598,0.0,1,0
scn_000326,LOW,bloodstream,Aggressive Fluid-First,0.8881294157259899,0.9899999999999999,3.5,87.75294381732671,0.0,1,1
scn_000326,LOW,bloodstream,Staged Reassessment,0.8868256692857119,0.9899999999999999,3.5,86.88377952380806,0.0,0,0
scn_000326,LOW,bloodstream,Conservative Fluid + Early Antibiotics,0.8858630333282002,0.9899999999999999,3.5,86.24202221880023,0.0,0,0
scn_000370,MODERATE,urinary_tract,Conservative Fluid + Early Antibiotics,0.8006985320890185,0.8747326183371201,3.5,75.5726407244977,0.0,0,1
scn_000370,MODERATE,urinary_tract,Aggressive Fluid-First,0.7993916631339848,0.8683360738070117,3.5,77.26001256651851,0.0,1,0
scn_000370,MODERATE,urinary_tract,Staged Reassessment,0.7921347702442603,0.8587412570118483,3.5,76.2600106914342,0.0,0,0
scn_000375,MODERATE,urinary_tract,Aggressive Fluid-First,0.8709426878561769,0.9877481764720756,3.5,77.19585464862104,0.0,1,1
scn_000375,MODERATE,urinary_tract,Conservative Fluid + Early Antibiotics,0.8684237496181348,0.9875340848279568,3.5,75.6021991475739,0.0,0,0
scn_000375,MODERATE,urinary_tract,Staged Reassessment,0.8673464479093458,0.9841253782512898,3.5,76.24748063904799,0.0,0,0
scn_000226,CRITICAL,bloodstream,Dual Vasopressor Strategy,0.5293407148602487,0.39934214580091093,3.0,76.49028491980147,0.0,0,1
scn_000226,CRITICAL,bloodstream,Early Vasopressor + Fluids,0.5269257720104441,0.39934214580091093,3.0,74.88032301993175,0.0,0,0
scn_000226,CRITICAL,bloodstream,Colloid-Based Resuscitation,0.5229952455898855,0.3962015630166765,3.01,73.68287185325309,0.0,0,0
scn_000226,CRITICAL,bloodstream,Aggressive Fluid-First,0.5108727190222142,0.3962015630166765,3.51,73.93452080813893,0.0,1,0
scn_000226,CRITICAL,bloodstream,Conservative Fluid + Early Antibiotics,0.5053149792210841,0.4024827285851454,3.81,72.71689471333127,0.0,0,0
scn_000366,MODERATE,pulmonary,Colloid-Based Resuscitation,0.8784479317627795,0.9832141469894553,3.0,75.6796290460709,0.0,0,1
scn_000366,MODERATE,pulmonary,Aggressive Fluid-First,0.866515986042747,0.9832141469894553,3.5,76.0583318993826,0.0,1,0
scn_000366,MODERATE,pulmonary,Conservative Fluid + Early Antibiotics,0.8654660928304012,0.9858495271187464,3.51,74.47091770610226,0.0,0,0
scn_000366,MODERATE,pulmonary,Staged Reassessment,0.8614224715663761,0.9770618375054098,3.5,75.12357937542018,0.0,0,0
scn_000339,LOW,skin_soft_tissue,Aggressive Fluid-First,0.8865486289699426,0.9899999999999999,3.5,86.69908597996185,0.0,1,1
scn_000339,LOW,skin_soft_tissue,Staged Reassessment,0.8853471981871835,0.9899999999999999,3.5,85.89813212478911,0.0,0,0
scn_000339,LOW,skin_soft_tissue,Conservative Fluid + Early Antibiotics,0.8844418397608462,0.9899999999999999,3.5,85.29455984056422,0.0,0,0
scn_000170,HIGH,bloodstream,Dual Vasopressor Strategy,0.7464330515864257,0.7492256198470639,3.0,81.26511978545832,0.0,0,1
scn_000170,HIGH,bloodstream,Colloid-Based Resuscitation,0.6610251631939521,0.6156012614300359,3.0,77.77627089062041,0.0,0,0
scn_000170,HIGH,bloodstream,Conservative Fluid + Early Antibiotics,0.6507908186559741,0.6218499782640918,3.5,76.78722113167936,0.0,0,0
scn_000170,HIGH,bloodstream,Aggressive Fluid-First,0.6498209252231146,0.6171012614300359,3.5,78.04011224339546,0.0,1,0
